"Year","Afghanistan","Albania","Algeria","American Samoa","Andorra","Angola","Antigua and Barbuda","Arab World","Argentina","Armenia","Aruba","Australia","Austria","Azerbaijan","Bahamas, The","Bahrain","Bangladesh","Barbados","Belarus","Belgium","Belize","Benin","Bermuda","Bhutan","Bolivia","Bosnia and Herzegovina","Botswana","Brazil","Brunei Darussalam","Bulgaria","Burkina Faso","Burundi","Cabo Verde","Cambodia","Cameroon","Canada","Caribbean small states","Cayman Islands","Central African Republic","Central Europe and the Baltics","Chad","Channel Islands","Chile","China","Colombia","Comoros","Congo, Dem. Rep.","Congo, Rep.","Costa Rica","Cote d'Ivoire","Croatia","Cuba","Cyprus","Czech Republic","Denmark","Djibouti","Dominica","Dominican Republic","Early-demographic dividend","East Asia & Pacific","East Asia & Pacific (excluding high income)","East Asia & Pacific (IDA & IBRD countries)","Ecuador","Egypt, Arab Rep.","El Salvador","Equatorial Guinea","Eritrea","Estonia","Ethiopia","Euro area","Europe & Central Asia","Europe & Central Asia (excluding high income)","Europe & Central Asia (IDA & IBRD countries)","European Union","Faroe Islands","Fiji","Finland","Fragile and conflict affected situations","France","French Polynesia","Gabon","Gambia, The","Georgia","Germany","Ghana","Greece","Greenland","Grenada","Guam","Guatemala","Guinea","Guinea-Bissau","Guyana","Haiti","Heavily indebted poor countries (HIPC)","High income","Honduras","Hong Kong SAR, China","Hungary","IBRD only","Iceland","IDA & IBRD total","IDA blend","IDA only","IDA total","India","Indonesia","Iran, Islamic Rep.","Iraq","Ireland","Isle of Man","Israel","Italy","Jamaica","Japan","Jordan","Kazakhstan","Kenya","Kiribati","Korea, Rep.","Kosovo","Kuwait","Kyrgyz Republic","Lao PDR","Late-demographic dividend","Latin America & Caribbean","Latin America & Caribbean (excluding high income)","Latin America & the Caribbean (IDA & IBRD countries)","Latvia","Least developed countries: UN classification","Lebanon","Lesotho","Liberia","Libya","Liechtenstein","Lithuania","Low & middle income","Low income","Lower middle income","Luxembourg","Macao SAR, China","Macedonia, FYR","Madagascar","Malawi","Malaysia","Maldives","Mali","Malta","Marshall Islands","Mauritania","Mauritius","Mexico","Micronesia, Fed. Sts.","Middle East & North Africa","Middle East & North Africa (excluding high income)","Middle East & North Africa (IDA & IBRD countries)","Middle income","Moldova","Monaco","Mongolia","Montenegro","Morocco","Mozambique","Myanmar","Namibia","Nauru","Nepal","Netherlands","New Caledonia","New Zealand","Nicaragua","Niger","Nigeria","North America","Northern Mariana Islands","Norway","OECD members","Oman","Other small states","Pacific island small states","Pakistan","Palau","Panama","Papua New Guinea","Paraguay","Peru","Philippines","Poland","Portugal","Post-demographic dividend","Pre-demographic dividend","Puerto Rico","Qatar","Romania","Russian Federation","Rwanda","Samoa","San Marino","Sao Tome and Principe","Saudi Arabia","Senegal","Serbia","Seychelles","Sierra Leone","Singapore","Slovak Republic","Slovenia","Small states","Solomon Islands","Somalia","South Africa","South Asia","South Asia (IDA & IBRD)","South Sudan","Spain","Sri Lanka","St. Kitts and Nevis","St. Lucia","St. Vincent and the Grenadines","Sub-Saharan Africa","Sub-Saharan Africa (excluding high income)","Sub-Saharan Africa (IDA & IBRD countries)","Sudan","Suriname","Swaziland","Sweden","Switzerland","Syrian Arab Republic","Tajikistan","Tanzania","Thailand","Timor-Leste","Togo","Tonga","Trinidad and Tobago","Tunisia","Turkey","Turkmenistan","Tuvalu","Uganda","Ukraine","United Arab Emirates","United Kingdom","United States","Upper middle income","Uruguay","Uzbekistan","Vanuatu","Venezuela, RB","Vietnam","Virgin Islands (U.S.)","West Bank and Gaza","World","Yemen, Rep.","Zambia","Zimbabwe"
"1975",188,,931,,7169,,,826,2012,,,6998,5286,,3156,,273,,,6737,886,207,6509,,480,,430,1150,7226,,153,115,,,369,7490,1576,,188,,212,,730,178,529,,447,482,935,589,,1380,976,,7999,,,699,453,647,198,201,1107,292,454,402,,,,5061,2976,,,4237,,1187,6260,,6673,5285,3321,221,,6213,286,3153,4258,,,567,,140,663,,262,5241,356,2252,,433,6507,407,332,,288,156,248,1582,1152,2977,,4444,4093,1411,4635,661,,242,998,615,,11732,,,455,1217,1208,1191,,,,130,355,,10515,,404,,243,9008,,,302,116,765,,128,1560,,358,,1446,,975,,,418,,28254,,,503,,,,,118,7242,6163,4172,,202,438,7788,,8204,4938,2377,1091,874,170,,1395,471,484,1108,361,,2128,5169,180,2738,15283,,,131,,,,6296,453,,806,227,2490,,,1236,386,,1454,168,168,,3201,276,754,,348,414,414,414,344,1282,558,9975,,906,,,352,,256,368,2415,766,1136,,,218,,26556,4300,7820,566,1250,,,2343,,4231,,1450,,527,715
"1976",199,,1031,,7152,,,997,1933,,,7481,5678,,3329,,139,,,7282,717,209,7261,,534,,434,1385,8459,,156,120,,,401,8784,1600,,219,,208,,975,165,606,,410,461,1121,673,,1445,1157,,8788,,,748,483,700,198,200,1266,333,549,411,,,,5258,3071,,,4367,,1182,6745,,6846,5434,4534,209,,6610,276,3391,4845,,,661,,143,603,,270,5664,415,2850,,464,7645,433,392,,292,159,296,2017,1471,2923,,4296,4020,1443,5171,806,,248,734,831,,12056,,,488,1321,1307,1295,,,,125,357,,11389,,429,,258,9825,,,281,123,886,,142,1727,,383,780,1422,,1178,,,445,,28811,,,524,,,,,107,7825,5958,4374,,200,557,8628,,8927,5303,2761,1329,859,194,,1445,511,538,1020,403,,2173,5571,205,2946,18893,,,142,,,,8186,448,,814,194,2759,,,1388,414,,1360,160,160,,3270,256,682,,339,437,437,437,415,1399,511,10715,,979,,,391,,251,337,2438,780,1276,,,220,,29698,4138,8611,604,1291,,,2634,,4575,,1550,,534,685
"1977",226,,1186,,7751,,1063,1114,2113,,,7770,6811,,3617,,129,,,8472,859,218,8371,,617,,506,1561,9914,,177,143,,,427,8893,1840,,240,,220,,1297,185,752,,509,454,1392,864,,1474,1476,,9784,,495,848,528,821,226,228,1495,357,679,422,,,,5957,3457,,,4925,,1203,7074,,7513,5712,4139,250,,7654,313,3886,5714,793,,810,,146,590,,311,6361,498,3429,,517,10039,479,399,,310,184,355,2315,1592,3431,,4806,4588,1562,6303,963,,309,682,1051,,12217,,,559,1421,1395,1395,,,,160,391,,12418,,473,,288,10856,,,295,143,1027,,156,2038,,384,898,1272,,1327,,,491,,31433,,,590,,,,,99,9050,6159,4951,,235,536,9415,,10266,5925,2803,1468,878,213,,1490,540,651,910,450,,2268,6254,221,3209,19829,,,161,,,,9013,447,,1044,221,2846,,,1550,448,,1473,181,181,,3618,288,1017,774,505,468,468,468,501,1775,553,11287,,955,,,445,,309,378,3019,864,1427,,,256,,33246,4681,9471,664,1440,,,2991,,4955,,1723,,467,671
"1978",249,,1448,,9130,,1199,1183,2129,,,8246,8205,,4131,,172,,,10345,981,264,8877,,702,,636,1737,10712,,226,156,,,543,9096,1857,,282,,257,,1463,156,878,,616,506,1555,1041,,1838,1929,,11826,,608,861,570,1020,215,218,1575,354,708,,,,,7266,4191,,,6012,,1361,7634,,9248,7030,3439,303,,9446,354,4695,7236,992,,875,,156,658,,346,7555,558,3924,,547,11328,510,419,,341,204,389,2168,1848,4405,,4563,5592,1256,8776,1165,,352,784,1398,,12627,,,574,1576,1546,1542,,,,214,405,,17503,,503,,315,13494,,,324,163,1247,,179,2559,,376,1092,1552,,1367,,,522,,38354,,,689,,,,,113,11037,6153,5937,,314,527,10442,,11463,7049,2653,1588,998,243,,1722,623,780,758,506,,2458,7463,238,3568,21094,,,189,,,,9247,487,,1377,299,3193,,,1636,516,,1652,201,201,,4345,188,1123,891,617,503,503,503,427,2035,600,12443,,1113,,,529,,320,455,3379,986,1550,,,205,,27897,5977,10587,698,1707,,,3196,,5347,,1993,,511,649
"1979",278,,1772,,11821,,1484,1550,2501,,,9287,9794,,5532,,196,,,11874,1074,328,9613,,808,,850,1901,14941,,262,195,,,695,10012,2104,,316,,227,,1965,184,1030,,587,671,1734,1152,,2003,2559,,13752,,591,969,677,1091,245,248,1824,422,769,,,,,8768,5093,,,7314,,1641,9339,,11170,8249,4259,354,,11238,381,5706,8481,1154,,971,,150,683,,382,8663,631,4569,,643,12744,596,500,,388,222,380,2426,2852,5436,,5680,6967,1137,9058,1423,,398,728,1774,,19040,,,676,1837,1789,1802,,,,227,446,,19774,,587,,351,15740,,,409,177,1576,,229,3196,,432,1280,1987,,1732,,,610,,45838,,,809,,,,,127,12635,7561,6668,,363,662,11531,,13047,8069,3419,2019,1197,261,,1918,714,1013,943,596,,2756,8520,293,4025,27436,,,223,,,,12186,592,,2030,338,3900,,,1995,679,,1987,220,220,,5755,228,1341,1066,714,588,588,588,486,2162,704,14667,,1151,,,590,,337,484,4305,1158,2079,,,176,,32798,7805,11696,834,2480,,1059,3727,,6308,,2275,,584,748
"1980",275,,2190,,12377,,1790,2041,2738,,,10202,10870,,6339,8538,223,,,12933,1351,378,11218,332,812,,1060,1940,25413,2239,283,223,496,,782,11135,2552,,350,,229,,2577,195,1204,401,546,927,2022,1227,,2025,4232,,13884,,785,1141,813,1163,279,282,2242,520,780,198,,,,9779,5730,,,8315,,1893,11232,,12713,8979,5869,399,,12092,412,5894,9483,1246,,1082,,138,773,,388,9597,698,5700,,741,14943,686,624,349,444,264,523,2440,3912,6380,,6229,8429,1239,9417,1647,,447,652,1704,,20869,,,755,2131,2059,2100,,,,329,453,,20672,,671,,426,17114,,,464,201,1775,268,248,3948,,462,1176,2802,,2165,,,700,,51529,,,1077,298,,2404,,131,13616,8443,7467,,419,874,12455,,15772,8874,5182,2742,1341,303,,2332,770,1287,1045,685,,3369,9372,348,4503,34986,,,244,,,,16892,626,,2329,327,4927,,,2594,732,,2788,259,259,,6192,268,1567,1240,819,718,718,718,388,2191,898,16857,18832,1463,,,683,,418,573,5746,1373,1564,,,99,,41826,10032,12598,939,3486,,981,4368,,7305,,2517,,650,932
"1981",266,,2224,,10372,,2023,2038,2756,,,11845,9385,,6623,9269,242,,,10680,1307,338,13426,348,1032,,1034,2125,21822,2235,254,229,478,,860,12298,2782,,296,,190,,3017,197,1282,360,464,1052,1069,973,,2039,4033,,12082,,879,1223,886,1265,294,297,2665,518,738,136,,,203,8468,5066,,,7330,,1899,10935,,11111,8192,5166,350,,10170,380,5380,8544,1277,,1153,,190,730,,376,9666,743,5991,,789,15261,725,623,347,443,268,603,2499,2736,5993,,6463,7598,1356,10332,1782,,406,688,1870,,17364,,,790,2401,2321,2375,,,,323,432,,19511,,708,300,439,14325,,,401,196,1769,273,213,3898,973,474,1170,3523,,2166,,,741,,44366,1333,,860,292,,2184,,149,11373,6818,7814,,352,809,13827,,15513,8956,5947,2694,1351,348,,2578,735,1595,1217,732,,3246,9417,304,4921,34904,,,265,,,,17777,552,,2419,324,5595,,,2624,785,,2936,268,268,,5357,289,1839,1405,1007,704,704,704,504,2447,920,15367,17153,1677,,,721,,342,666,6342,1288,1579,,,103,,44012,9599,13993,1005,3764,,833,4782,,8230,,2538,,635,1078
"1982",,,2197,,9610,,2269,1838,2908,,,12779,9410,,7165,9446,215,,,9394,1183,323,14166,346,959,,943,2219,20687,2169,245,234,473,,800,12440,3069,,309,,177,,2180,203,1342,328,493,1107,1034,837,,2111,4123,,11804,,959,1310,824,1219,303,306,2375,552,719,152,,,208,8176,4853,,,7035,,1787,10945,,10506,7996,4718,333,,9876,351,5579,7814,1347,,1139,,199,617,,366,9501,742,6134,,768,13824,703,570,336,417,271,621,3007,2950,6168,,6903,7532,1473,9539,1829,,366,666,1978,,14278,,,796,2197,2135,2161,,,,253,425,,19690,,690,306,433,13035,4500,,382,182,1852,282,181,3788,1048,462,1091,2393,,2087,,,721,,41385,1436,,835,291,,2015,,153,10931,6209,7656,,318,663,14243,,15225,8748,5856,2488,1289,368,,2782,678,1505,1196,742,,3080,9316,286,5115,27386,,,256,770,,,13870,525,,2296,367,6076,,,2556,765,,2640,271,271,,5146,308,1973,1508,1113,639,639,639,449,2514,841,13545,17479,1700,,,743,,282,663,7264,1208,1402,,,163,,39194,9146,14439,975,3107,,808,4730,,8320,,2471,,634,1106
"1983",,,2299,,8023,,2543,1670,3530,,,11528,9537,,7695,9421,199,,,8894,1213,271,15902,375,910,,1053,1565,18124,1853,218,243,456,,782,13378,3060,,264,,172,,1725,225,1305,332,387,1044,1535,725,,2228,4091,,11858,,1069,1387,810,1272,312,315,1993,591,732,141,,,224,7961,4681,,,6803,,1639,10506,,10005,8066,4309,317,,9827,341,5020,7988,1373,,1153,,192,628,,334,9740,763,5595,,744,11767,672,460,313,363,288,546,3583,2738,5922,,7571,7807,1592,10333,1845,,328,613,2180,,13203,,,725,1908,1858,1858,,,,274,392,,19579,,663,279,412,12810,4297,,369,184,2048,328,172,3527,1197,471,1093,2006,1320,2051,,,694,,38888,1495,,749,256,,2135,,153,10544,5540,7598,,276,446,15347,,14928,8968,5828,2293,1206,332,,2792,713,1511,930,645,,2736,9611,238,5218,20898,,,261,706,,,10980,455,,2280,276,6630,,,2415,708,,2763,280,280,,4466,329,2000,1607,1187,578,578,578,387,2419,844,12430,17342,1770,,,798,,253,649,6818,1205,1310,,,163,,34159,8692,15561,946,1716,,886,4726,,9137,,2483,,493,967
"1984",,663,2453,,7729,,2946,1641,2643,,,12449,8991,,8874,9591,209,,,8503,1315,253,17470,373,1014,,1078,1574,17333,1964,194,216,427,,801,13827,2850,,249,,186,,1637,251,1260,311,270,1061,1727,696,,2400,4259,,11563,,1211,1626,779,1344,333,337,1917,627,754,149,,,205,7623,4473,,,6518,,1682,10842,,9432,8093,4407,253,,9278,358,4853,7199,1478,,1177,,158,565,,324,10090,799,6208,,744,12057,668,419,304,343,274,559,3569,3078,5699,,7009,7714,1028,10913,1786,,327,657,2391,,13104,,490,753,1842,1787,1780,,,,231,393,,18608,,660,250,401,12554,4751,,301,175,2234,599,160,3333,1235,422,1032,2318,,2011,,,693,,36382,1122,,667,263,,1764,,158,9850,5249,6714,,217,350,16809,,14989,9310,6164,2253,1295,349,,2849,691,1140,921,594,,2523,9995,229,5730,19635,,,270,686,,,9582,430,,2338,294,7223,,,2339,962,,2668,272,272,,4478,379,2267,1749,1302,535,535,535,441,2350,727,12914,16499,1700,,,818,,229,685,6712,1158,1247,,,255,,31709,8179,17134,956,1621,,1067,3288,,9795,,2533,,407,761
"1985",,663,2567,,7774,630,3453,1572,2910,,,11453,9172,,9888,8707,239,,,8798,1268,244,18270,369,866,,937,1643,15695,1915,201,245,437,,811,14060,2775,,328,,203,,1453,294,1125,322,241,1016,1757,683,,2273,4488,,12253,801,1339,777,778,1404,359,363,1896,691,772,173,,,232,7817,4602,,,6720,,1604,11406,,9775,8603,4024,308,,9394,354,4814,7761,1679,,1180,,160,589,,333,10537,850,6543,,770,12462,689,407,317,347,293,550,3806,3100,6019,,6495,7964,898,11600,1724,,312,502,2457,,12330,,642,793,1859,1810,1798,,271,,182,388,,19411,,681,253,412,12922,4756,,284,157,2000,671,178,3322,1145,386,1059,2385,,1975,,,716,,37553,1138,,660,343,,1407,,157,9799,5535,7601,,208,345,17856,,15754,9749,6677,2086,1203,338,,2948,639,808,847,566,,2705,10488,231,6008,16582,,,280,597,,,7878,457,,2589,226,6995,,,2199,858,,2052,289,289,,4687,370,2524,1909,1394,485,484,485,547,2351,512,13474,16655,1540,,,747,,234,639,6299,1149,1368,,,240,,29189,8652,18269,992,1571,,951,3309,231,9829,,2618,,328,651
"1986",,719,2741,,10362,612,4221,1452,3595,,,11380,13083,,10340,7042,227,,,12235,1344,303,20451,417,625,,1135,1936,10212,2260,257,248,595,,1024,14404,2461,,416,,204,,1525,282,1103,444,264,845,1956,862,,2383,5643,,17201,,1535,924,771,1802,352,356,1651,695,756,203,,,234,10944,6243,,,9190,,1796,14962,,13557,12781,3990,242,,13411,437,5657,11271,1873,,857,368,141,660,,372,12700,864,7435,,791,16540,706,384,332,348,307,506,4245,2957,8122,,7928,11278,1166,17080,2126,,355,490,2803,,9751,,468,831,1854,1802,1787,,287,,213,382,,28316,,698,280,419,18790,5132,,315,155,1729,723,233,4195,1393,441,1429,1640,1276,1958,,,733,,52175,1465,,838,403,,1522,,167,13608,7634,9428,,268,241,18652,,18883,11727,4691,2056,1286,335,,2997,680,911,762,535,,3862,12736,232,6455,12698,,,303,629,,,6270,627,,3166,125,6794,,,2105,756,,2381,299,299,,6496,390,3004,2252,1529,522,522,522,676,2364,612,17727,23751,1208,,,813,,315,724,4049,1201,1511,,,259,,23056,10611,19115,1019,1940,,892,3272,422,10270,,3046,,232,693
"1987",,699,2790,,12616,596,4970,1526,3547,,,11644,16393,,11151,7555,247,,,15217,1586,345,22412,506,673,,1554,2082,11592,3132,291,227,724,,1150,16245,2619,,436,,215,,1767,252,1125,522,243,1022,2034,915,,2455,6691,,21341,761,1746,861,758,2073,341,345,1467,763,783,239,,,242,13498,7667,,,11339,,1632,18581,,16324,13751,3743,274,,16614,376,6565,14554,2164,,820,379,184,468,,397,14608,914,9071,,796,22636,712,412,342,365,337,471,2618,3475,9593,,9372,14188,1382,20594,2160,,377,500,3511,,11512,,278,863,1912,1847,1840,,305,,264,444,,37869,,703,285,450,23235,6297,,241,146,1947,695,259,5084,1494,486,1823,1742,1296,1762,,,738,,63043,1486,,919,181,,1854,,169,16496,9272,12331,,305,273,19721,,22506,13472,4822,2377,1247,339,,2945,786,972,1012,579,,4804,14671,258,6980,12896,1674,,320,694,,,5900,731,,3639,174,7531,,,2359,832,,3049,325,325,,8217,401,3403,2442,1658,598,598,598,841,2554,762,21485,29559,1000,,,936,,360,865,4014,1261,1706,684,,399,1249,23313,13119,20101,1001,2416,,961,2459,574,11376,,3405,,307,725
"1988",,677,2403,,14304,581,5945,1458,3969,,,14283,17579,,11382,7959,263,,,16479,1759,347,24253,549,697,,2031,2294,11007,2511,313,211,802,,1132,18864,2759,,450,,265,,2033,284,1189,535,273,957,2059,898,,2645,7646,,22527,748,2004,779,797,2455,372,376,1340,642,818,250,,,243,14795,8483,,,12607,,1535,22057,,17697,14164,4254,316,,17863,375,7598,16398,2410,,887,429,170,551,,388,16340,849,10610,,850,24652,756,429,339,368,351,513,2319,3754,10729,,11274,15693,1599,24880,1930,,382,622,4686,,10149,,149,936,2144,2076,2070,,304,1242,303,480,,41351,,746,299,459,26108,7072,,223,160,2071,803,265,5814,1604,498,2055,2231,1355,1700,,,783,,68434,1533,,1064,161,,1924,,195,17518,12666,13759,,302,257,21224,,24207,15084,4997,2603,1291,379,,2492,892,1022,738,644,,5624,16430,258,7595,13606,1770,,341,824,,,5823,701,,4128,254,8902,,,2551,1053,,3290,341,341,,9677,413,4038,2745,1884,612,611,612,626,2966,865,24189,31744,903,,219,1123,,385,1127,3732,1283,1745,862,,400,1450,21908,15987,21483,1083,2676,,1066,3089,389,11932,,3747,,489,814
"1989",,723,2203,,15166,848,6586,1487,2375,,,17838,17469,,12158,8031,278,,,16614,1979,312,25518,520,701,,2302,2901,11870,2477,305,211,798,,980,20638,2781,,430,,249,,2294,311,1176,497,270,1006,2274,824,,2577,8039,,21901,726,2153,949,796,2528,396,400,1392,708,843,213,,,247,15048,8618,2331,2256,12830,,1632,23984,,17705,13572,4518,322,,17697,369,7847,16814,2760,,929,421,216,509,,368,16989,740,12098,,894,22617,790,426,329,361,343,564,2200,3852,11189,,11041,16333,1830,24792,1243,,366,580,5737,,11594,,173,1045,2303,2230,2232,,307,1015,314,369,,39427,,778,288,457,27556,8060,,222,175,2215,875,263,6041,1589,497,2084,2664,1437,1701,,,819,,68577,1671,,1068,177,,1873,,193,17176,13092,13312,252,281,261,22695,,24281,15676,5383,2659,1331,384,,2446,843,1121,1053,705,,6057,17074,256,8033,14047,1818,3429,333,759,,,6051,670,,4407,220,10380,,,2598,1096,,3508,337,337,,10653,408,4531,3056,2005,623,622,623,606,1358,837,25300,30402,816,,184,1295,,367,1120,3562,1255,2022,839,,313,1598,23613,16239,22922,1159,2732,,1011,2172,94,13301,,3866,,512,837
"1990",,639,2394,,18879,824,6889,1988,4319,638,,18249,21681,1237,12351,8529,298,7771,2125,20711,2202,394,26842,558,710,,2751,3093,13604,2367,352,209,898,,952,21371,2970,,490,2315,292,,2501,318,1175,607,270,1147,2391,880,,2707,9642,3917,26891,766,2345,985,896,2606,417,422,1491,751,914,263,,,253,18849,10488,2461,2383,15856,,1835,28381,,21795,16036,6251,346,1615,22220,403,9600,18327,2888,,826,441,241,534,,364,18955,615,13486,,994,25592,872,440,336,371,364,623,2220,10297,14048,,12658,20757,1894,25417,1168,1647,366,550,6516,,8777,609,203,1095,2630,2557,2560,,308,1050,372,183,6514,49447,,858,298,478,34645,9365,2240,266,199,2441,964,317,7192,1659,502,2506,3078,1528,2152,,,905,,84287,1172,,1203,190,,1982,,193,21019,14800,13663,244,310,323,23696,,28243,17515,6448,3109,1414,372,5096,2604,747,1352,1210,715,1731,7885,19049,401,8653,15449,1681,3485,352,772,,,7205,757,,5303,151,11864,2396,,2962,970,,3076,355,355,,13767,464,5112,3502,2236,606,606,606,479,953,1294,30162,38428,989,498,172,1508,,430,1193,4148,1493,2794,866,980,247,1570,27256,19095,23954,1308,2990,651,1080,2368,95,15051,,4273,468,409,863
"1991",,349,1722,,19533,965,7157,1905,5716,590,,18865,22411,1209,11915,9056,285,7682,1709,21154,2327,386,27700,465,764,,2783,3967,13902,1268,346,211,914,,1031,21665,2911,,457,2202,305,,2811,333,1181,582,253,1087,2257,826,,2280,9696,2879,27011,762,2547,1327,929,2893,446,451,1624,629,997,252,,,270,19523,10778,2365,2343,16422,,1882,25503,,21782,16174,5523,727,1315,23269,439,10188,18315,3118,,992,473,248,452,480,364,19882,602,15466,3350,1054,27022,919,441,333,369,300,673,,,14104,,13645,21884,1666,28874,1157,1512,337,645,7523,,5408,576,235,1189,3177,3114,3132,,307,1617,431,169,7041,50988,,898,296,450,37007,10558,2355,222,229,2652,1064,315,7558,1702,692,2669,3611,1682,2109,,,949,,83733,1073,,1263,240,,2055,,204,21455,15133,12230,351,281,280,24131,,28597,18362,5989,3133,1481,410,5419,2804,856,1615,1556,715,2236,8960,19953,388,9064,14120,1261,3485,271,765,,,7839,721,,5315,180,14505,2680,,2968,999,,3225,309,309,,14772,513,5117,3666,2364,608,607,608,428,1080,1305,31374,38399,1013,469,194,1716,,413,1387,4316,1553,2736,847,1034,184,1490,26168,19901,24405,1424,3578,653,1253,2545,138,15945,,4451,468,410,827
"1992",,218,1766,,20548,438,7297,2005,6798,370,,18616,24880,676,11682,9083,285,7441,1676,23498,2667,318,28670,472,791,,2848,2592,15270,1212,241,191,995,,918,20771,2841,,456,2364,296,,3362,366,1386,610,220,1138,2618,847,,2058,11310,3352,29570,777,2702,1510,998,3118,493,498,1690,697,1103,296,153,,203,21439,11513,2169,2187,17840,,2057,22337,,23937,17335,5566,729,757,26334,415,11176,18769,3191,,1075,486,213,492,306,322,21257,652,17976,3735,1034,27346,898,434,304,348,314,726,,,15733,,14752,23167,1432,31376,1338,1515,329,638,8002,,,513,250,1098,2944,2844,2892,,262,1965,498,110,7285,55300,,873,254,460,40966,13461,1165,246,185,3112,1206,319,8220,1844,684,2973,4093,1756,2260,,,925,,91654,587,,1295,163,,2278,,172,23599,16261,11793,414,274,292,25021,,30524,19564,6279,3354,1596,428,5188,3122,965,1615,1589,814,2459,10812,21263,344,9659,15431,1102,3096,303,799,,,7888,748,,6128,157,16144,2909,,3108,1148,,3418,321,321,,16068,547,5547,3994,2574,582,581,582,258,957,1418,32339,39535,1005,347,174,1927,,426,1435,4396,1801,2842,821,1070,153,1418,25994,20487,25493,1371,4082,603,1263,2810,139,16752,,4654,485,376,632
"1993",,381,1798,,16516,394,7652,1975,6940,357,,17681,24082,530,11403,9698,292,7778,1591,22403,2833,412,30901,450,788,,2783,2786,14572,1278,244,163,1329,254,1215,20017,2953,,402,2491,223,,3551,377,1542,587,276,725,2855,811,,2072,10526,3932,27598,754,2814,1705,1073,3457,535,541,1729,760,1267,289,151,,165,19557,10542,2123,2149,16211,,2166,17617,,22503,17733,4245,749,550,25489,375,10402,16797,3152,,1147,458,218,587,249,323,21285,645,20396,3873,1094,23772,940,391,299,330,298,881,1081,,14675,,14437,18677,1953,35866,1338,1433,223,620,8741,,,449,287,1125,3332,3238,3288,,259,2598,491,80,6447,55921,,915,246,458,41479,15190,1285,266,212,3431,1329,310,7296,1987,568,2974,5562,1909,2224,1193,1192,972,,85422,340,,1196,164,,2063,,180,22827,16641,13094,397,182,154,25822,,27964,19685,6029,3136,1653,441,4645,3340,1070,1596,1516,816,2497,9536,21293,308,10212,14268,1158,2929,313,796,,,7445,686,,6559,178,18302,3089,,2992,1211,,3333,311,311,,13304,577,5967,4004,2649,541,540,541,317,997,1469,24081,38101,1010,294,156,2208,,303,1448,3752,1663,3180,793,1052,167,1258,25199,18389,26465,1469,4720,597,1177,2734,182,18728,,4664,383,378,602
"1994",,619,1500,,16235,293,8219,1970,7449,401,17342,18102,25647,436,11812,10130,291,8148,1460,24338,2880,280,31476,524,806,318,2779,3495,14117,1148,193,158,1072,271,809,19859,3092,,260,2827,174,,4046,473,2219,402,145,650,3045,590,,2622,11618,4602,29996,790,3019,1872,1101,3812,635,641,2028,830,1458,207,172,,125,20596,11000,1840,1929,17173,,2384,20306,,23626,16648,3959,720,517,27088,333,11091,18124,3271,,1276,448,212,713,282,278,22650,618,22503,4173,1181,24215,1004,381,269,307,343,971,1203,,15922,,15986,19274,1953,39269,1419,1320,269,715,10206,,,372,326,1275,3761,3660,3711,,235,3227,507,66,5892,64157,,975,202,488,45482,16578,1706,228,121,3726,1433,223,8001,2137,582,3197,5710,1909,2269,1198,1197,1041,,89404,406,,1323,162,,2263,,195,24332,16037,15280,855,171,172,26989,,29316,20851,6013,3228,1873,433,4970,3489,1153,1692,1900,939,2875,9978,22657,273,10876,14543,1323,2663,125,1310,,,7382,455,,6556,213,21578,3756,,3105,1331,,3390,346,346,,13379,647,6551,4131,2677,512,512,512,445,1385,1507,25747,41844,726,237,160,2490,,236,2022,3957,1745,2270,622,1185,200,1012,25467,19709,27777,1582,5458,576,1335,2602,220,,1202,4933,284,411,620
"1995",,761,1445,,18461,353,7841,2054,7373,456,16442,20385,30326,397,12240,10377,320,8537,1371,28566,2996,367,33990,589,887,486,3015,4841,15929,1554,236,168,1252,323,716,20577,3359,,333,3516,207,,5137,610,2471,488,136,756,3279,757,4795,2790,15098,5788,35351,790,3139,2073,1102,4279,773,781,2136,944,1693,281,187,3044,134,23711,12664,1962,2114,19878,,2541,26273,,27038,18506,4566,737,569,31730,386,12959,21666,3413,,1408,469,223,817,360,307,24938,685,23497,4494,1308,26851,1111,438,299,346,370,1093,1592,,19181,13054,18096,20596,2278,43440,1471,1288,331,725,12333,,16882,364,363,1549,3943,3808,3889,2329,261,3863,569,65,5162,78762,2169,1073,226,537,52831,18139,2243,234,141,4328,1570,282,9114,2357,608,3600,3656,2065,2470,1337,1337,1146,477,101993,632,,1428,160,,2382,,206,28885,18721,17400,898,198,264,27969,,34875,22792,6262,3637,1992,494,5520,3494,947,1903,2218,1061,3683,11783,24983,323,11579,15849,1660,2666,218,1322,,,7651,558,2197,6749,204,24937,4799,10691,3459,1446,,3694,376,376,,15430,714,6987,4355,2923,576,575,576,468,1564,1768,29914,48662,794,214,180,2845,,306,2108,4246,1978,2898,590,1195,280,936,26847,23013,28782,1746,5984,586,1390,3376,276,,1327,5403,278,417,628
"1996",,1046,1596,,19017,513,8380,2217,7684,504,16585,21944,29809,409,12717,10545,383,9069,1452,27702,3002,387,44827,609,958,737,3022,5157,16789,1209,249,144,1259,319,761,21183,3632,30190,293,3769,222,,5383,709,2554,472,135,882,3230,810,5269,2282,14969,6494,35651,767,3323,2258,1180,4076,877,886,2159,1042,1819,444,223,3353,145,23938,12911,1988,2179,20291,,2714,25778,,27015,18035,5111,773,670,30564,404,13749,21422,3640,,1472,476,233,926,365,312,24987,687,24818,4525,1408,27897,1195,476,319,372,396,1211,1955,,20861,14526,19318,23020,2539,38437,1469,1350,428,843,13138,,19301,395,378,1682,4172,4032,4131,2430,281,4458,529,73,5537,79937,2328,1151,246,579,52572,18097,2223,287,226,4797,1737,282,9398,2157,602,3899,4153,2020,2739,1519,1521,1231,462,101329,581,,1557,217,,2312,,206,28699,18257,18794,917,202,316,29190,,37321,22818,6831,3775,2108,503,6116,3530,1026,2010,2261,1160,4141,12185,24983,350,12173,17345,1644,2644,226,1459,,,8293,564,2750,6583,220,26263,5178,10801,3627,1530,,3441,404,404,,16069,756,7349,4444,3067,580,579,580,297,1912,1633,32587,46677,935,178,217,3043,,333,2279,4577,2116,3054,555,1333,285,873,28616,24220,30068,1877,6316,601,1427,3014,323,,1317,5443,364,383,743
"1997",,750,1612,,18353,507,8755,2301,8173,523,17927,23551,26705,506,17288,10672,390,9550,1397,25028,2953,361,48479,692,1007,979,3066,5271,16656,1347,229,159,1202,305,765,21770,4026,,267,3738,206,,5781,782,2760,423,139,784,3408,759,5210,2303,14304,5997,32836,761,3474,2400,1236,3857,897,906,2362,1186,1944,812,217,3620,141,21834,12229,2067,2249,19118,,2641,24676,,24359,15944,4663,712,775,27046,391,13428,19145,3878,,1634,454,228,985,412,319,24413,773,27330,4596,1470,28017,1242,470,327,375,411,1133,1817,,22543,16663,19658,21780,2880,35022,1500,1446,453,842,12132,,17696,376,345,1743,4494,4342,4453,2682,290,5093,551,125,5999,72191,2831,1198,247,586,47042,17958,1868,247,257,4637,1923,267,9680,2056,567,3647,4940,1907,2785,1530,1531,1282,528,90883,506,,1393,253,,2332,,220,26405,16342,17474,917,181,316,30605,,36629,22301,7040,3867,2077,484,6247,3741,958,2001,2342,1127,4117,11578,24385,356,12818,21133,1589,2738,284,1658,,,8509,508,3179,7281,197,26386,5138,10448,3781,1495,,3495,415,415,,14696,817,8148,4481,3220,584,584,584,374,2039,1710,29898,40418,956,155,250,2467,,331,2193,4551,2211,3144,563,1369,287,991,29200,26621,31573,1978,7328,623,1462,3715,347,,1389,5347,417,445,728
"1998",,865,1588,,18895,416,9115,2173,8249,609,19081,21366,27362,562,18457,10076,395,10728,1512,25542,2992,379,51372,695,1059,1098,2869,5076,12691,1772,256,144,1251,269,731,20888,4388,,269,4099,225,40538,5479,829,2509,418,139,639,3615,794,5650,2326,15247,6459,33368,756,3677,2552,1193,3418,809,818,2300,1259,2078,654,231,4052,125,22388,12515,1944,2172,19742,23737,2070,25989,,25101,16530,3828,724,805,27341,415,13472,20497,4401,,1742,422,172,947,451,320,24337,840,25809,4750,1409,30901,1189,439,327,364,409,494,1726,,24263,19366,19424,22252,3339,31903,1606,1469,473,801,8085,,14127,345,249,1664,4457,4297,4402,2977,284,5539,507,141,5245,76641,3167,1142,243,518,47584,16451,1775,252,164,3264,2006,281,10184,2093,539,3593,5080,2029,2654,1523,1523,1223,449,93093,477,,1469,284,,2113,,212,27534,15388,14738,952,197,275,31761,,34789,22370,6255,3724,1763,470,6333,3975,716,1773,2202,967,4510,12203,24370,343,14304,18632,1865,1835,282,1558,,,7382,534,2416,7716,154,21824,5534,11165,3742,1206,,3105,413,413,,15340,851,8236,4815,3462,537,536,537,350,2047,1537,30144,41497,974,219,296,1845,,339,1943,4787,2295,4497,590,1371,292,835,26663,28015,32949,1934,7711,623,1473,3875,347,,1465,5257,374,356,538
"1999",,1098,1581,,19262,386,9363,2316,7736,597,19356,20561,27174,574,20506,10401,397,11201,1211,25444,3065,404,54245,752,1013,1246,3226,3470,14098,1644,265,129,1390,296,752,22167,4630,,272,3979,191,42405,4986,873,2164,421,103,751,3688,759,5135,2553,15458,6308,33441,766,3830,2576,1242,3780,882,891,1584,1322,2140,1053,209,4119,119,22231,12356,1638,1882,19672,23983,2408,26179,,24799,16300,3883,682,629,26796,418,13245,20170,4752,,1609,400,184,920,494,311,25405,845,25092,4803,1352,32199,1143,447,324,365,438,715,1750,,26284,21785,19133,21937,3338,36027,1625,1130,421,832,10409,,15391,258,277,1524,3964,3791,3882,3151,280,5509,493,162,6821,81116,3114,1099,237,553,51654,15505,1815,243,161,3493,2147,323,10649,2073,535,3651,5777,2047,2787,1580,1581,1178,321,91384,445,,1445,302,,2055,,216,27952,14612,15322,981,184,301,33398,,36371,23342,6967,3934,1898,465,6011,4083,640,1615,1963,1087,4390,12475,25458,338,15221,21763,1610,1331,239,1490,44863,,7969,533,2441,7748,151,21796,5637,11442,3954,1201,,3032,434,434,,15678,839,8700,5000,3622,527,526,527,324,1896,1480,30577,40581,991,178,300,2033,,327,2015,5384,2389,4108,549,1465,258,636,28260,28384,34621,1813,7247,702,1478,4077,361,,1499,5381,440,332,568
"2000",,1176,1757,,21937,555,9932,2590,7669,623,20621,21691,24564,655,21241,13636,406,11568,1276,23207,3364,374,56284,766,1007,1462,3349,3739,18008,1609,226,136,1239,301,660,24124,4939,,244,3947,166,43299,5101,959,2472,376,405,998,3808,642,4920,2741,14673,6012,30744,768,4820,2802,1324,4050,961,972,1451,1428,2238,1703,208,4070,124,20190,11626,1813,2049,18257,22480,2076,24253,636,22466,14531,4116,636,692,23719,263,12043,19004,5118,,1656,340,298,946,462,328,25769,1089,25757,4633,1452,31813,1225,487,346,393,439,831,1657,,26242,21552,21043,20051,3361,38532,1658,1229,404,797,11948,1088,18389,280,325,1661,4310,4142,4226,3353,310,5335,475,183,7146,74625,3297,1182,266,574,48736,15703,1854,246,153,4045,2227,269,11039,2127,477,3861,6721,2171,3049,1608,1609,1267,354,82535,474,1627,1332,278,193,2058,,231,25921,12580,13641,1016,158,379,35242,,38147,23671,8601,4374,1755,534,7710,4060,632,1546,1997,1039,4493,11502,25766,383,16192,29986,1668,1772,216,1541,40189,,9127,473,870,7579,139,23793,5403,10228,4325,1055,,2982,443,443,,14677,869,9268,4996,3673,550,549,550,361,1889,1637,29283,37868,1178,138,307,2008,402,260,2063,6431,2214,4317,643,1459,258,636,33071,27982,36450,1976,6872,558,1470,4784,388,,1476,5483,539,342,547
"2001",117,1327,1733,,22229,526,9414,2495,7171,694,20671,19518,24538,704,21498,12868,403,11514,1244,23122,3419,379,58884,808,958,1524,3128,3147,16468,1765,235,134,1269,321,662,23692,5044,,243,4345,197,41610,4596,1053,2396,396,154,843,3982,657,5245,2832,15063,6609,30752,781,4925,2862,1285,3734,1013,1024,1904,1371,2339,2284,215,4499,120,20442,11721,1807,2086,18419,24300,2039,24913,570,22527,,3976,541,734,23687,274,12538,19275,5110,,1568,316,309,926,414,303,25349,1130,25230,5283,1454,28586,1221,459,331,374,447,796,1891,,28227,22060,20299,20401,3395,33846,1728,1491,402,735,11253,1490,16541,308,327,1705,4142,3971,4038,3573,288,5253,438,174,6270,74005,3530,1176,234,569,48179,15548,1816,279,147,3915,3032,307,11022,2207,464,3792,7031,2240,3003,1634,1637,1264,408,82553,524,1910,1337,256,139,1834,,249,26584,,13883,1044,165,352,35942,,38550,23283,8477,4270,1699,511,8151,4046,539,1417,1981,957,4981,11729,25399,353,18123,28431,1840,2100,201,1555,41806,510,8643,481,1635,7663,228,21577,5708,10479,4269,945,,2622,447,447,,15324,833,10026,4694,3982,499,498,499,378,1598,1438,26969,38539,1258,171,304,1893,481,261,1838,6936,2255,3120,774,1387,235,781,31062,27428,37274,1983,6281,457,1363,4926,403,,1336,5378,536,378,548
"2002",188,1454,1774,8752,24741,711,9443,2463,2579,783,20434,20082,26402,763,22506,13102,401,11675,1479,25052,3557,419,62583,886,914,1762,3056,2820,16846,2088,261,122,1374,339,720,24168,5276,,254,4926,221,44159,4464,1149,2356,433,175,886,4062,711,6054,2994,16372,8033,33229,792,4836,3008,1227,3762,1112,1124,2184,1210,2408,2711,202,5308,111,22133,12799,2069,2344,20030,26554,2259,26834,541,24275,,4103,441,779,25205,309,14110,20653,5292,21537,1702,323,321,961,393,320,26246,1133,24666,6666,1461,31996,1227,488,343,391,466,958,1892,,32540,25688,18428,22197,3596,32289,1812,1658,396,827,12783,1588,17789,322,320,1793,3663,3484,3538,4132,303,5437,408,177,3705,79036,4147,1184,246,602,52931,16313,1961,262,291,4167,3048,334,11844,2391,461,3958,7106,2258,2936,1559,1563,1273,459,89061,572,2106,1414,263,144,1713,,246,28817,,16874,1010,178,459,36795,18673,43061,24126,8629,4520,1767,500,8257,4126,512,1148,2059,1000,5197,12882,26360,405,18731,29991,2125,2375,197,1631,44576,556,8655,513,2150,8331,250,22017,6525,11814,4503,785,,2461,461,461,,17020,868,10358,4684,4271,521,520,521,412,2233,1325,29572,41376,1263,189,308,2096,458,281,1842,7050,2346,3660,968,1604,240,879,31311,29786,38166,1973,4089,383,1354,3656,428,30126,1156,5515,565,377,507
"2003",199,1891,2094,8915,32776,779,9802,2722,3330,930,20835,23465,32223,884,22009,14222,433,12028,1820,30744,3680,519,66112,998,917,2215,4163,3060,18556,2710,332,113,1769,362,881,28172,5622,,286,5947,293,48226,4788,1289,2246,545,174,998,4168,866,7806,3193,20293,9773,40459,820,4995,2373,1350,4104,1248,1262,2440,1121,2520,3577,233,7174,119,27162,15550,2615,2886,24293,30993,2836,32816,599,29691,,4892,360,928,30360,373,18478,24802,5773,22573,1753,370,361,987,330,354,29233,1157,23977,8423,1632,39044,1368,545,377,432,541,1133,2231,,41107,30366,18964,27387,3465,34808,1889,2068,437,1015,14209,1970,22072,381,363,2032,3723,3530,3590,5135,334,5426,604,133,4677,89470,5506,1321,263,679,65446,17810,2409,317,260,4464,3481,392,13690,2435,529,4623,6752,2296,3246,1728,1733,1423,548,108978,646,2789,1722,284,220,2482,,254,35245,,21914,1016,216,513,38550,18377,50112,26841,9070,5495,2051,564,8018,4267,588,1175,2180,1011,5694,15773,29425,455,19557,34177,2775,2975,213,1907,56168,649,9567,643,2832,8525,264,23574,8697,14880,5296,745,,3678,529,529,,21496,983,9848,5118,4447,647,646,647,478,2603,2021,36961,48088,1253,236,323,2359,448,310,2030,8805,2762,4718,1284,1867,238,1049,33231,34174,39677,2207,3622,396,1581,3233,478,31823,1258,6115,605,429,453
"2004",219,2417,2599,8639,38503,1041,10419,3118,4252,1192,22568,30472,36822,1045,21996,15846,461,12869,2378,35590,3832,583,70359,1097,978,2651,4897,3623,21897,3382,371,127,1976,409,1028,31980,6131,,313,7167,455,55844,6211,1509,2740,616,194,1289,4426,920,9366,3391,23932,11686,46512,864,5325,2421,1544,4568,1435,1450,2709,1046,2633,6085,287,8850,136,30984,18071,3444,3728,27940,34979,3333,37636,674,33875,,5686,414,1207,34166,423,21955,28498,5836,24396,1873,386,393,1046,388,397,32316,1218,24928,10296,1923,46917,1604,644,416,491,621,1223,2730,1392,47631,36608,19892,31175,3720,37689,2061,2874,459,1131,15908,2135,26921,433,418,2427,4246,4019,4114,6351,374,5424,782,149,5806,99849,6707,1547,291,763,75716,22453,2763,245,274,4955,3952,439,15109,2522,603,5230,7199,2253,3716,1968,1975,1670,721,123382,798,3380,1949,336,220,3288,,287,39955,,25420,1092,233,649,40948,18427,57570,29667,10129,6670,2344,650,8754,4592,637,1409,2448,1079,6681,18046,32525,537,20989,41818,3553,4102,237,2351,65036,693,11139,733,3331,10177,263,27405,10655,17261,6272,818,,4745,603,603,,24919,1067,10476,5504,4808,785,784,785,565,3006,2530,42442,53340,1409,309,345,2660,444,350,2284,10291,3113,6041,1454,2177,288,1367,36161,39984,41922,2634,4117,465,1788,4271,544,35024,1338,6802,693,530,454
"2005",250,2709,3100,8508,41282,1444,11453,3746,5077,1644,23303,34017,38403,1578,23405,17959,484,14223,3126,36967,3933,602,75882,1247,1046,2968,5351,4770,26102,3894,407,151,2048,474,1030,36190,6900,,324,8349,660,57211,7615,1753,3386,622,219,1637,4697,932,10224,3779,25324,13346,48800,905,5244,3681,1771,4838,1648,1666,3022,1168,2835,10851,277,10338,162,31989,19192,4344,4666,29109,35847,3659,38969,797,34880,,6827,432,1530,34697,498,22552,29089,6755,26496,2078,303,425,1098,465,445,33936,1312,26650,11206,2274,56250,1887,741,463,555,707,1343,3216,1850,50879,39034,20557,31959,4082,37218,2203,3771,520,1215,18640,2191,35490,477,475,2911,5075,4823,4950,7559,427,5339,863,169,8171,104994,7863,1818,327,866,80290,25059,3038,275,280,5594,3649,488,15835,2650,698,5116,7987,2356,4385,2278,2287,1967,831,126656,999,3675,2014,369,247,3573,,317,41577,,27751,1175,250,808,43514,16645,66775,31140,12377,7915,2543,711,9611,4917,771,1507,2755,1195,8021,18785,34062,645,21959,51488,4676,5323,287,2571,66987,811,13740,774,3528,11093,288,29870,11669,18169,7352,881,,5278,680,680,,26511,1250,11174,5810,5064,897,896,897,680,3595,2874,43085,54953,1577,337,442,2894,455,372,2595,12323,3195,7384,1705,2178,316,1829,39440,41733,44308,3147,5221,547,1886,5433,684,40930,1455,7274,814,691,445
"2006",273,3005,3465,8457,43749,2062,12813,4337,5879,2158,24015,36118,40635,2473,23719,19308,494,15440,3848,38852,4187,626,83913,1335,1234,3404,5375,5860,30981,4513,423,166,2304,540,1081,40387,7701,64101,348,9468,712,62262,9485,2099,3709,648,253,2012,5245,952,11363,4669,27170,15184,52027,966,5513,3836,1997,5095,1970,1992,3351,1375,3063,12732,298,12595,194,33802,20710,5312,5638,30936,40720,3750,41121,919,36545,,7142,439,1873,36448,923,24801,32035,6766,26556,2257,427,419,1946,505,518,35548,1438,28224,11448,2669,56104,2211,916,525,655,792,1689,3739,2352,54307,43482,21828,33411,4313,35434,2537,5292,697,1152,20888,2372,42718,543,590,3492,5877,5592,5750,9668,490,5372,916,179,9345,113983,9241,2132,356,1014,89740,29980,3326,292,298,6223,4812,522,16672,2764,944,5696,8768,2397,5027,2600,2613,2312,951,135535,1335,4384,2191,386,297,3881,,349,44454,,26671,1241,258,1020,45849,16049,74115,32592,14408,9080,2641,874,9649,5349,1284,1810,3171,1392,9041,19821,35635,784,22936,60257,5829,6920,342,2808,70662,844,15335,810,4130,12014,322,33580,13139,19726,8377,949,,5506,765,765,,28483,1438,12929,6857,5610,1022,1021,1022,894,5208,2937,46256,57580,1762,404,472,3369,420,377,2893,14096,3372,8035,2137,2259,336,2303,42372,44252,46437,3714,5878,654,2047,6736,780,41561,1441,7780,902,1030,415
"2007",370,3603,3935,8981,48583,2879,14351,4938,7194,3139,25921,40992,46856,3851,24301,20977,541,16381,4735,44404,4325,706,90850,1741,1390,4180,5714,7314,32672,5933,475,171,3112,632,1216,44545,8520,,397,11962,802,73570,10527,2695,4674,721,280,2111,6121,1066,13547,5184,31387,18374,58487,1048,5939,4647,2336,5660,2473,2499,3591,1640,3305,15762,317,16586,243,38718,24109,6841,7227,35598,47024,4079,48289,1102,41601,,8353,519,2492,41815,1091,28827,36233,7324,27541,2490,622,481,2327,616,601,38547,1593,30594,13908,3287,68348,2704,1024,610,747,1018,1975,4857,3129,61360,73153,24889,37699,4621,35275,2763,6771,839,1358,23061,2788,45794,722,710,4371,6846,6556,6729,14044,583,6014,919,210,11309,130267,12298,2610,414,1228,106018,36403,4036,378,320,7269,5560,596,19376,2892,1013,6575,9330,2442,5833,3156,3174,2835,1230,170157,1634,5957,2494,422,410,4203,2028,394,51241,,32510,1344,293,1137,47724,15761,85171,35360,15805,10825,2859,950,9682,6068,1440,2312,3611,1673,11260,22780,38644,934,23665,67006,8214,9101,405,3023,83009,894,16472,950,5458,12155,359,39224,16058,23841,9842,1047,,5994,954,954,,32709,1633,13539,7636,5978,1158,1156,1158,1116,5761,3047,53324,63555,2058,520,528,3972,499,421,2932,16530,3778,9710,2600,2639,402,3069,42673,50134,48062,4588,7010,830,2393,8319,901,44333,1576,8657,996,1105,397
"2008",373,4371,4905,9872,47786,3869,14797,6116,8953,4010,27547,49665,51709,5575,23652,23068,616,16614,6377,48425,4470,820,93606,1795,1737,5078,5623,8788,37951,7262,570,196,3639,746,1397,46596,9658,,457,14498,930,,10781,3471,5434,796,318,2882,6911,1242,15894,5376,35391,22699,64322,1214,6447,5011,2593,6491,3106,3140,4275,2011,3507,22742,326,18095,325,42235,26353,8436,8921,38135,49773,4178,53401,1389,45413,,10094,608,3175,45699,1224,31997,41023,7947,29056,2794,675,584,2576,675,706,40604,1752,31516,15740,3908,55575,3206,1193,723,878,991,2300,5574,4521,61258,74203,29532,40640,4903,39339,3386,8514,917,1413,20431,3255,55572,966,899,5401,7860,7581,7761,16349,708,7109,935,232,14396,142974,14962,3094,486,1361,114294,40668,4793,471,373,8514,6583,690,21929,2926,1168,8030,9689,2516,7118,3819,3841,3365,1696,192989,2140,7368,2885,503,644,4029,3915,474,56929,,31288,1519,355,1384,48232,16350,97008,37139,22075,12889,3041,1039,9725,6974,1720,3060,4209,1919,14001,24816,40582,1158,24898,82967,10136,11635,501,3510,90683,1126,20038,1101,6702,11123,406,39721,18650,27502,11610,1206,,5695,957,957,1679,35579,2041,14681,7577,6370,1288,1287,1288,1292,6858,2842,55747,72488,,706,651,4379,612,513,3393,21188,4310,10851,3904,2929,450,3891,45759,46768,48401,5569,9062,1082,2698,11227,1143,39207,1855,9379,1204,1369,326
"2009",446,4114,3869,12058,43339,3348,13082,5158,8161,2994,24631,42743,47963,4950,22037,19357,681,15923,5176,44881,4259,793,88463,1770,1777,4701,5186,8553,27965,6970,553,205,3445,738,1339,40773,8053,,450,12214,804,,10243,3838,5148,779,293,2255,6809,1218,14157,5485,32106,19742,58163,1254,6866,4953,2459,6643,3346,3381,4256,2292,3366,16530,431,14726,380,38492,23084,6614,7041,33977,46522,3369,47107,1262,41631,,7604,549,2707,41733,1087,29711,41277,7395,30026,2636,636,544,2764,668,691,37777,1815,30697,13030,3757,40462,3074,1085,726,843,1090,2400,5619,3735,52104,69172,27709,36977,4293,40855,3492,7165,920,1297,18292,3210,37567,871,948,5189,7300,7024,7182,12219,703,8481,924,303,10297,125945,11837,2983,496,1373,103199,40881,4544,416,421,7327,6616,697,20676,2917,1047,7318,7748,2693,6229,3630,3649,3246,1526,152112,1718,6727,2862,464,741,4153,4417,481,51900,,28201,1464,341,1098,46394,14280,80067,34500,16784,10785,2645,1007,9187,7430,1672,2600,4166,1825,11542,23064,38011,1020,25769,61478,8220,8563,539,3035,76918,1100,16094,1021,5821,9707,395,38578,16513,24634,9727,1158,,5831,1036,1036,1265,32334,2095,14212,7385,6178,1201,1200,1201,1227,7444,3033,46207,69927,,666,659,4212,720,500,3071,14509,4130,9036,4036,2596,554,2545,33073,38262,47002,5323,9415,1213,2643,11536,1211,38771,1963,8784,1094,1139,624
"2010",553,4094,4463,10353,39736,3529,12175,5918,10276,3218,24272,51874,46858,5843,21922,20722,758,15959,6029,44380,4344,758,88207,2179,1981,4615,6346,11224,35268,6843,575,231,3313,786,1309,47447,8726,,446,12567,897,,12860,4561,6251,769,318,2737,8199,1220,13506,5676,30818,19808,58041,1326,6912,5451,2926,7674,4007,4050,4657,2602,3474,17136,482,14639,341,37618,23537,7823,8234,33688,47398,3652,46202,1466,40703,,8754,562,2964,41786,1313,26918,40533,7366,30700,2826,636,547,3045,662,742,39327,1933,32550,13092,4509,41852,3692,1561,806,1059,1346,3113,6532,4503,48672,73936,30643,35849,4683,44508,3679,9071,967,1493,22087,3283,38498,880,1141,6191,8943,8642,8862,11326,780,8858,1169,327,12121,141165,11985,3588,522,1692,104965,52375,4543,413,459,9071,7100,708,21088,3147,1203,8000,8960,2862,7127,4123,4143,3917,1632,144246,2650,6682,2834,419,988,5192,4913,592,50338,,33691,1526,348,2327,48290,14681,87770,35904,19281,12215,2893,1040,8956,7937,2005,3226,5022,2129,12598,22539,39449,1366,26436,70306,8297,10675,563,3453,68758,1130,19260,1003,5412,10805,405,46570,16601,23437,10946,1272,,7275,1252,1252,1562,30737,2808,13704,8008,6232,1556,1555,1556,1476,8303,3690,52076,74606,,738,702,5075,806,488,3548,16684,4140,10672,4439,3022,595,2965,35049,38893,48374,6406,11938,1377,2966,13545,1310,40043,2339,9513,1309,1463,720
"2011",604,4437,5432,10376,41099,4299,11931,6856,12727,3527,25325,62245,51375,7190,21524,22512,836,16610,6519,47703,4516,826,85973,2458,2378,5054,7645,13167,47017,7814,667,260,3670,882,1430,52082,9418,,494,13888,989,,14706,5634,7228,830,357,3197,9187,1215,14539,6076,32234,21717,61754,1431,6986,5759,3239,8839,4863,4916,5223,2747,3737,21452,583,17455,355,40615,26016,9597,9966,36413,50789,4353,50791,1559,43810,,10716,514,3725,46810,1575,25916,44212,7410,30862,3188,615,689,3439,741,806,42233,2121,35142,14118,5279,46182,4297,1747,884,1174,1462,3634,7729,5855,52224,76056,33690,38335,5103,48168,3807,11634,987,1693,24080,3713,48269,1124,1381,7504,10048,9720,9984,13703,865,8734,1351,380,5603,158283,14358,4182,571,1885,115762,66813,5064,455,512,10405,7396,835,22833,3298,1393,9197,9834,3001,8277,4589,4611,4576,1971,162010,3770,7319,3040,527,1186,5601,7234,692,53541,,38427,1683,376,2528,50025,13628,100711,38377,20986,14716,3384,1226,9712,9271,2474,3988,5772,2353,13891,23196,42228,1533,27279,85948,9200,14351,617,3942,65214,1304,23771,1082,6423,12189,445,53167,18187,24985,12984,1643,,7976,1374,1374,1706,31835,3214,14483,8271,6184,1704,1703,1704,1667,8319,3934,59593,88416,,835,733,5491,931,562,4045,19054,4257,11341,5650,3699,575,3570,40462,41412,49791,7609,14166,1565,3275,10742,1515,39144,2665,10446,1349,1645,841
"2012",669,4248,5565,11660,38391,4598,12518,7343,12970,3685,,67635,48568,7496,28816,23649,856,16536,6940,44741,4674,838,85458,2422,2645,4722,7029,12291,47651,7378,674,265,3408,950,1381,52497,9987,,486,13002,973,,15432,6338,7885,789,398,2952,9985,1262,13236,6426,28985,19730,58508,1536,6746,5969,3328,9396,5386,5444,5702,3181,3828,21558,,17422,469,37599,24971,10083,10345,34231,48422,4547,47416,1645,40838,,9774,505,4143,44065,1630,22243,42399,7583,32499,3300,655,604,3800,767,844,42013,2178,36731,12888,5544,44563,4504,1878,912,1237,1447,3688,7833,6651,49177,79028,32526,34814,5210,48603,3871,12387,1155,1764,24359,3586,51264,1178,1589,7979,10027,9665,9949,13823,896,8923,1282,415,,149296,14341,4394,598,1947,106749,76496,4699,444,375,10780,7473,777,21942,3517,1364,9291,9821,3151,8720,4829,4853,4814,2047,,4368,6587,2905,566,1176,5749,10099,682,49475,,39970,1792,392,2755,51561,13980,101668,38061,22135,15017,3571,1261,10362,10590,2866,3856,6388,2582,13144,20577,41981,1636,27945,88565,8558,15435,678,4235,56404,1381,25303,1038,5659,12845,562,54431,17275,22532,13347,1859,,7478,1371,1371,958,28564,3351,13966,8218,6338,1739,1738,1739,1893,9272,3865,57134,83538,,955,820,5860,1028,564,4501,19152,4138,11720,6675,3718,637,3855,42112,41791,51450,8070,15092,1740,3159,12755,1723,37850,2787,10549,1421,1735,968
"2013",639,4413,5471,11590,40620,4805,12195,7439,12977,3844,,67709,50719,7876,28303,24737,952,16327,7979,46583,4689,915,85748,2351,2948,5043,7008,12217,44597,7675,700,283,3559,1028,1494,52418,10013,,337,13714,986,,15941,7078,8031,834,458,2965,10570,1424,13575,6760,27942,19916,61191,1623,6933,6027,3342,9440,5903,5966,6074,3213,3896,20247,,19072,502,39107,25977,10653,10919,35584,53613,4763,49638,1727,42554,,9680,483,4274,46531,1814,21875,43967,7956,33278,3453,726,622,3941,810,894,42217,2136,38404,13668,5807,48024,4712,1994,973,1318,1452,3621,6036,6925,52060,82357,36291,35370,5006,40454,3993,13891,1229,1724,25890,3877,48400,1282,1839,8551,10158,9777,10076,15032,953,8721,1193,454,,173528,15694,4598,634,2001,113625,89525,5211,462,333,10882,8291,804,23964,3614,1451,9637,10299,3048,8534,4488,4506,5044,2244,,4385,7186,3112,606,1171,5490,10036,689,51574,,42890,1847,416,2997,52756,14509,103059,38273,21269,15313,3642,1272,10899,11686,2800,4480,6583,2760,13780,21619,42157,1741,28513,88305,9585,16007,689,4219,57746,1620,24934,1052,6354,15687,711,56029,18192,23358,13595,1881,408,6822,1387,1387,1186,29212,3610,14824,8482,6597,1786,1784,1786,1956,9485,3587,60283,85112,,1040,902,6171,1191,579,4279,19608,4199,12543,7304,3542,655,4030,43351,42724,52787,8525,16881,1908,3167,12237,1871,34838,2992,10716,1580,1851,1026
"2014",629,4579,5466,11599,42295,4709,12947,7452,12245,3995,,62100,51733,7891,28374,24983,1085,16262,8319,47379,4852,944,,2505,3124,5204,7498,12027,41531,7853,704,313,3530,1099,1571,50633,9967,,377,14138,1026,,14817,7684,7913,853,487,2911,10647,1570,13467,7051,27401,19745,62549,1741,7195,6269,3414,9658,6302,6369,6397,3328,3989,19246,,19950,571,39820,26193,9888,10263,36666,57544,5046,49915,1772,42955,,9692,434,4430,48043,1432,21761,45317,8570,34361,3688,745,611,4032,830,923,42859,2243,40315,14201,5943,52855,4822,2115,1026,1394,1573,3492,5541,6703,55899,89942,37540,35397,4856,38109,4067,12807,1335,1619,27811,4055,42996,1280,2018,8805,10233,9891,10148,15716,1007,8537,1218,458,,179308,16545,4710,664,2075,119225,94004,5469,452,355,11184,9057,848,26249,3462,1327,10154,10453,3057,8464,4408,4425,5172,2245,,4182,7378,3160,623,1260,5393,9873,706,52157,,44504,1975,430,3222,54304,15514,97200,38812,20458,15464,3765,1317,11683,12594,2966,4713,6491,2843,14340,22078,42812,1806,28981,86853,10020,14126,707,4179,56514,1824,24575,1052,6200,15571,708,56336,18630,24202,13723,2010,418,6438,1497,1497,1152,29623,3821,15776,8797,6650,1820,1819,1820,2177,9564,3380,59180,86606,,1104,950,5942,1196,620,4196,19325,4270,12127,7962,3416,703,3105,44450,46783,54707,8740,16738,2050,3148,15692,2012,33592,2961,10877,1647,1738,1031
"2015",570,3935,4160,11866,36038,3696,13659,6436,13467,3618,,56408,44256,5500,29056,22689,1210,16129,5949,40375,4850,784,,2615,3077,4584,6532,8757,30968,6993,575,301,2954,1163,1354,43525,9648,,348,12451,777,,13653,8069,6045,728,498,1712,11406,1434,11638,7602,23212,17716,53013,1862,7314,6468,3260,9539,6509,6578,6150,3548,4127,10717,,17156,645,34353,22444,7521,7944,32200,50582,4922,42424,1563,36527,,7389,459,3765,41324,1361,18071,39569,9333,35211,3924,725,585,4160,815,884,40240,2326,42435,12484,5554,51214,4501,1933,1011,1321,1596,3336,4862,4974,62545,81672,35691,30180,4940,34568,4096,10510,1350,1505,27105,3574,29109,1121,2159,8202,8674,8304,8535,13640,971,8452,1152,452,,168146,14289,4405,630,2025,101447,75484,4834,402,363,9649,9576,750,23816,3391,1158,9260,9153,3018,7337,3924,3937,4843,1832,,3947,6514,2864,528,1139,4771,8053,747,44746,,38202,2096,363,2655,55175,17021,74498,36427,16627,12596,3644,1429,13982,13134,2659,4109,6030,2878,12564,19253,40326,1524,29697,66347,8978,9329,710,4149,47611,1615,20653,911,5237,15390,588,53630,16133,20873,11508,1922,426,5744,1538,1538,759,25790,3845,16178,9306,6900,1598,1597,1598,2514,8725,3048,50812,82016,,919,872,5815,1295,551,4094,17322,3828,10985,6433,2970,674,2125,39102,44306,56469,8112,15525,2138,2806,,2065,34955,2866,10164,1402,1314,1033
"2016",562,4125,3917,11835,36989,3309,14462,6162,12440,3615,,49755,44758,3879,28785,22579,1359,15892,4989,41271,4745,789,,2774,3105,4808,6924,8650,26939,7469,627,286,2998,1270,1375,42349,9207,,382,12741,664,,13793,8123,5806,775,449,1528,11825,1535,12149,,23541,18484,53579,,7907,6722,3281,9784,6581,6650,6019,3478,4224,8747,,17737,707,35025,22238,7168,7605,32250,,5233,43433,1480,36857,,7179,473,3866,42161,1513,17891,,9842,35563,4147,662,642,4529,740,875,40826,2361,43741,12820,5529,60530,4459,1772,1022,1272,1710,3570,5219,4610,64175,,37181,30669,4879,38972,4088,7715,1455,1587,27539,3661,27359,1078,2339,8152,8342,7954,8196,14071,964,8257,1040,455,,,14913,4366,616,2078,100739,74017,5237,402,300,9508,9875,780,25145,3665,1102,9631,8209,3144,7201,3890,3901,4807,1900,,3694,7029,2893,382,1196,4415,7821,729,45638,,39412,2151,364,2176,56102,22572,70868,36881,14982,12080,3776,1444,14428,13680,2500,4078,6049,2951,12414,19872,41022,1378,30790,59324,9523,8748,703,4030,47909,1715,20029,953,5426,15076,505,52962,16530,21650,11054,2005,434,5275,1638,1638,,26616,3835,16597,9365,7007,1467,1466,1467,2415,5871,2770,51845,79888,,796,878,5911,1405,578,3749,16041,3689,10863,6389,3084,580,2186,37622,40412,57638,7994,15221,2111,2861,,2171,,2943,10192,990,1270,1029

GDP per capita (current US$)

