Year;1975;1976;1977;1978;1979;1980;1981;1982;1983;1984;1985;1986;1987;1988;1989;1990;1991;1992;1993;1994;1995;1996;1997;1998;1999;2000;2001;2002;2003;2004;2005;2006;2007;2008;2009;2010;2011;2012;2013;2014;2015;2016
Afghanistan;188;199;226;249;278;275;266;;;;;;;;;;;;;;;;;;;;117;188;199;219;250;273;370;373;446;553;604;669;639;629;570;562
Albania;;;;;;;;;;663;663;719;699;677;723;639;349;218;381;619;761;1046;750;865;1098;1176;1327;1454;1891;2417;2709;3005;3603;4371;4114;4094;4437;4248;4413;4579;3935;4125
Algeria;931;1031;1186;1448;1772;2190;2224;2197;2299;2453;2567;2741;2790;2403;2203;2394;1722;1766;1798;1500;1445;1596;1612;1588;1581;1757;1733;1774;2094;2599;3100;3465;3935;4905;3869;4463;5432;5565;5471;5466;4160;3917
American Samoa;;;;;;;;;;;;;;;;;;;;;;;;;;;;8752;8915;8639;8508;8457;8981;9872;12058;10353;10376;11660;11590;11599;11866;11835
Andorra;7169;7152;7751;9130;11821;12377;10372;9610;8023;7729;7774;10362;12616;14304;15166;18879;19533;20548;16516;16235;18461;19017;18353;18895;19262;21937;22229;24741;32776;38503;41282;43749;48583;47786;43339;39736;41099;38391;40620;42295;36038;36989
Angola;;;;;;;;;;;630;612;596;581;848;824;965;438;394;293;353;513;507;416;386;555;526;711;779;1041;1444;2062;2879;3869;3348;3529;4299;4598;4805;4709;3696;3309
Antigua and Barbuda;;;1063;1199;1484;1790;2023;2269;2543;2946;3453;4221;4970;5945;6586;6889;7157;7297;7652;8219;7841;8380;8755;9115;9363;9932;9414;9443;9802;10419;11453;12813;14351;14797;13082;12175;11931;12518;12195;12947;13659;14462
Arab World;826;997;1114;1183;1550;2041;2038;1838;1670;1641;1572;1452;1526;1458;1487;1988;1905;2005;1975;1970;2054;2217;2301;2173;2316;2590;2495;2463;2722;3118;3746;4337;4938;6116;5158;5918;6856;7343;7439;7452;6436;6162
Argentina;2012;1933;2113;2129;2501;2738;2756;2908;3530;2643;2910;3595;3547;3969;2375;4319;5716;6798;6940;7449;7373;7684;8173;8249;7736;7669;7171;2579;3330;4252;5077;5879;7194;8953;8161;10276;12727;12970;12977;12245;13467;12440
Armenia;;;;;;;;;;;;;;;;638;590;370;357;401;456;504;523;609;597;623;694;783;930;1192;1644;2158;3139;4010;2994;3218;3527;3685;3844;3995;3618;3615
Aruba;;;;;;;;;;;;;;;;;;;;17342;16442;16585;17927;19081;19356;20621;20671;20434;20835;22568;23303;24015;25921;27547;24631;24272;25325;;;;;
Australia;6998;7481;7770;8246;9287;10202;11845;12779;11528;12449;11453;11380;11644;14283;17838;18249;18865;18616;17681;18102;20385;21944;23551;21366;20561;21691;19518;20082;23465;30472;34017;36118;40992;49665;42743;51874;62245;67635;67709;62100;56408;49755
Austria;5286;5678;6811;8205;9794;10870;9385;9410;9537;8991;9172;13083;16393;17579;17469;21681;22411;24880;24082;25647;30326;29809;26705;27362;27174;24564;24538;26402;32223;36822;38403;40635;46856;51709;47963;46858;51375;48568;50719;51733;44256;44758
Azerbaijan;;;;;;;;;;;;;;;;1237;1209;676;530;436;397;409;506;562;574;655;704;763;884;1045;1578;2473;3851;5575;4950;5843;7190;7496;7876;7891;5500;3879
Bahamas, The;3156;3329;3617;4131;5532;6339;6623;7165;7695;8874;9888;10340;11151;11382;12158;12351;11915;11682;11403;11812;12240;12717;17288;18457;20506;21241;21498;22506;22009;21996;23405;23719;24301;23652;22037;21922;21524;28816;28303;28374;29056;28785
Bahrain;;;;;;8538;9269;9446;9421;9591;8707;7042;7555;7959;8031;8529;9056;9083;9698;10130;10377;10545;10672;10076;10401;13636;12868;13102;14222;15846;17959;19308;20977;23068;19357;20722;22512;23649;24737;24983;22689;22579
Bangladesh;273;139;129;172;196;223;242;215;199;209;239;227;247;263;278;298;285;285;292;291;320;383;390;395;397;406;403;401;433;461;484;494;541;616;681;758;836;856;952;1085;1210;1359
Barbados;;;;;;;;;;;;;;;;7771;7682;7441;7778;8148;8537;9069;9550;10728;11201;11568;11514;11675;12028;12869;14223;15440;16381;16614;15923;15959;16610;16536;16327;16262;16129;15892
Belarus;;;;;;;;;;;;;;;;2125;1709;1676;1591;1460;1371;1452;1397;1512;1211;1276;1244;1479;1820;2378;3126;3848;4735;6377;5176;6029;6519;6940;7979;8319;5949;4989
Belgium;6737;7282;8472;10345;11874;12933;10680;9394;8894;8503;8798;12235;15217;16479;16614;20711;21154;23498;22403;24338;28566;27702;25028;25542;25444;23207;23122;25052;30744;35590;36967;38852;44404;48425;44881;44380;47703;44741;46583;47379;40375;41271
Belize;886;717;859;981;1074;1351;1307;1183;1213;1315;1268;1344;1586;1759;1979;2202;2327;2667;2833;2880;2996;3002;2953;2992;3065;3364;3419;3557;3680;3832;3933;4187;4325;4470;4259;4344;4516;4674;4689;4852;4850;4745
Benin;207;209;218;264;328;378;338;323;271;253;244;303;345;347;312;394;386;318;412;280;367;387;361;379;404;374;379;419;519;583;602;626;706;820;793;758;826;838;915;944;784;789
Bermuda;6509;7261;8371;8877;9613;11218;13426;14166;15902;17470;18270;20451;22412;24253;25518;26842;27700;28670;30901;31476;33990;44827;48479;51372;54245;56284;58884;62583;66112;70359;75882;83913;90850;93606;88463;88207;85973;85458;85748;;;
Bhutan;;;;;;332;348;346;375;373;369;417;506;549;520;558;465;472;450;524;589;609;692;695;752;766;808;886;998;1097;1247;1335;1741;1795;1770;2179;2458;2422;2351;2505;2615;2774
Bolivia;480;534;617;702;808;812;1032;959;910;1014;866;625;673;697;701;710;764;791;788;806;887;958;1007;1059;1013;1007;958;914;917;978;1046;1234;1390;1737;1777;1981;2378;2645;2948;3124;3077;3105
Bosnia and Herzegovina;;;;;;;;;;;;;;;;;;;;318;486;737;979;1098;1246;1462;1524;1762;2215;2651;2968;3404;4180;5078;4701;4615;5054;4722;5043;5204;4584;4808
Botswana;430;434;506;636;850;1060;1034;943;1053;1078;937;1135;1554;2031;2302;2751;2783;2848;2783;2779;3015;3022;3066;2869;3226;3349;3128;3056;4163;4897;5351;5375;5714;5623;5186;6346;7645;7029;7008;7498;6532;6924
Brazil;1150;1385;1561;1737;1901;1940;2125;2219;1565;1574;1643;1936;2082;2294;2901;3093;3967;2592;2786;3495;4841;5157;5271;5076;3470;3739;3147;2820;3060;3623;4770;5860;7314;8788;8553;11224;13167;12291;12217;12027;8757;8650
Brunei Darussalam;7226;8459;9914;10712;14941;25413;21822;20687;18124;17333;15695;10212;11592;11007;11870;13604;13902;15270;14572;14117;15929;16789;16656;12691;14098;18008;16468;16846;18556;21897;26102;30981;32672;37951;27965;35268;47017;47651;44597;41531;30968;26939
Bulgaria;;;;;;2239;2235;2169;1853;1964;1915;2260;3132;2511;2477;2367;1268;1212;1278;1148;1554;1209;1347;1772;1644;1609;1765;2088;2710;3382;3894;4513;5933;7262;6970;6843;7814;7378;7675;7853;6993;7469
Burkina Faso;153;156;177;226;262;283;254;245;218;194;201;257;291;313;305;352;346;241;244;193;236;249;229;256;265;226;235;261;332;371;407;423;475;570;553;575;667;674;700;704;575;627
Burundi;115;120;143;156;195;223;229;234;243;216;245;248;227;211;211;209;211;191;163;158;168;144;159;144;129;136;134;122;113;127;151;166;171;196;205;231;260;265;283;313;301;286
Cabo Verde;;;;;;496;478;473;456;427;437;595;724;802;798;898;914;995;1329;1072;1252;1259;1202;1251;1390;1239;1269;1374;1769;1976;2048;2304;3112;3639;3445;3313;3670;3408;3559;3530;2954;2998
Cambodia;;;;;;;;;;;;;;;;;;;254;271;323;319;305;269;296;301;321;339;362;409;474;540;632;746;738;786;882;950;1028;1099;1163;1270
Cameroon;369;401;427;543;695;782;860;800;782;801;811;1024;1150;1132;980;952;1031;918;1215;809;716;761;765;731;752;660;662;720;881;1028;1030;1081;1216;1397;1339;1309;1430;1381;1494;1571;1354;1375
Canada;7490;8784;8893;9096;10012;11135;12298;12440;13378;13827;14060;14404;16245;18864;20638;21371;21665;20771;20017;19859;20577;21183;21770;20888;22167;24124;23692;24168;28172;31980;36190;40387;44545;46596;40773;47447;52082;52497;52418;50633;43525;42349
Caribbean small states;1576;1600;1840;1857;2104;2552;2782;3069;3060;2850;2775;2461;2619;2759;2781;2970;2911;2841;2953;3092;3359;3632;4026;4388;4630;4939;5044;5276;5622;6131;6900;7701;8520;9658;8053;8726;9418;9987;10013;9967;9648;9207
Cayman Islands;;;;;;;;;;;;;;;;;;;;;;30190;;;;;;;;;;64101;;;;;;;;;;
Central African Republic;188;219;240;282;316;350;296;309;264;249;328;416;436;450;430;490;457;456;402;260;333;293;267;269;272;244;243;254;286;313;324;348;397;457;450;446;494;486;337;377;348;382
Central Europe and the Baltics;;;;;;;;;;;;;;;;2315;2202;2364;2491;2827;3516;3769;3738;4099;3979;3947;4345;4926;5947;7167;8349;9468;11962;14498;12214;12567;13888;13002;13714;14138;12451;12741
Chad;212;208;220;257;227;229;190;177;172;186;203;204;215;265;249;292;305;296;223;174;207;222;206;225;191;166;197;221;293;455;660;712;802;930;804;897;989;973;986;1026;777;664
Channel Islands;;;;;;;;;;;;;;;;;;;;;;;;40538;42405;43299;41610;44159;48226;55844;57211;62262;73570;;;;;;;;;
Chile;730;975;1297;1463;1965;2577;3017;2180;1725;1637;1453;1525;1767;2033;2294;2501;2811;3362;3551;4046;5137;5383;5781;5479;4986;5101;4596;4464;4788;6211;7615;9485;10527;10781;10243;12860;14706;15432;15941;14817;13653;13793
China;178;165;185;156;184;195;197;203;225;251;294;282;252;284;311;318;333;366;377;473;610;709;782;829;873;959;1053;1149;1289;1509;1753;2099;2695;3471;3838;4561;5634;6338;7078;7684;8069;8123
Colombia;529;606;752;878;1030;1204;1282;1342;1305;1260;1125;1103;1125;1189;1176;1175;1181;1386;1542;2219;2471;2554;2760;2509;2164;2472;2396;2356;2246;2740;3386;3709;4674;5434;5148;6251;7228;7885;8031;7913;6045;5806
Comoros;;;;;;401;360;328;332;311;322;444;522;535;497;607;582;610;587;402;488;472;423;418;421;376;396;433;545;616;622;648;721;796;779;769;830;789;834;853;728;775
Congo, Dem. Rep.;447;410;509;616;587;546;464;493;387;270;241;264;243;273;270;270;253;220;276;145;136;135;139;139;103;405;154;175;174;194;219;253;280;318;293;318;357;398;458;487;498;449
Congo, Rep.;482;461;454;506;671;927;1052;1107;1044;1061;1016;845;1022;957;1006;1147;1087;1138;725;650;756;882;784;639;751;998;843;886;998;1289;1637;2012;2111;2882;2255;2737;3197;2952;2965;2911;1712;1528
Costa Rica;935;1121;1392;1555;1734;2022;1069;1034;1535;1727;1757;1956;2034;2059;2274;2391;2257;2618;2855;3045;3279;3230;3408;3615;3688;3808;3982;4062;4168;4426;4697;5245;6121;6911;6809;8199;9187;9985;10570;10647;11406;11825
Cote d'Ivoire;589;673;864;1041;1152;1227;973;837;725;696;683;862;915;898;824;880;826;847;811;590;757;810;759;794;759;642;657;711;866;920;932;952;1066;1242;1218;1220;1215;1262;1424;1570;1434;1535
Croatia;;;;;;;;;;;;;;;;;;;;;4795;5269;5210;5650;5135;4920;5245;6054;7806;9366;10224;11363;13547;15894;14157;13506;14539;13236;13575;13467;11638;12149
Cuba;1380;1445;1474;1838;2003;2025;2039;2111;2228;2400;2273;2383;2455;2645;2577;2707;2280;2058;2072;2622;2790;2282;2303;2326;2553;2741;2832;2994;3193;3391;3779;4669;5184;5376;5485;5676;6076;6426;6760;7051;7602;
Cyprus;976;1157;1476;1929;2559;4232;4033;4123;4091;4259;4488;5643;6691;7646;8039;9642;9696;11310;10526;11618;15098;14969;14304;15247;15458;14673;15063;16372;20293;23932;25324;27170;31387;35391;32106;30818;32234;28985;27942;27401;23212;23541
Czech Republic;;;;;;;;;;;;;;;;3917;2879;3352;3932;4602;5788;6494;5997;6459;6308;6012;6609;8033;9773;11686;13346;15184;18374;22699;19742;19808;21717;19730;19916;19745;17716;18484
Denmark;7999;8788;9784;11826;13752;13884;12082;11804;11858;11563;12253;17201;21341;22527;21901;26891;27011;29570;27598;29996;35351;35651;32836;33368;33441;30744;30752;33229;40459;46512;48800;52027;58487;64322;58163;58041;61754;58508;61191;62549;53013;53579
Djibouti;;;;;;;;;;;801;;761;748;726;766;762;777;754;790;790;767;761;756;766;768;781;792;820;864;905;966;1048;1214;1254;1326;1431;1536;1623;1741;1862;
Dominica;;;495;608;591;785;879;959;1069;1211;1339;1535;1746;2004;2153;2345;2547;2702;2814;3019;3139;3323;3474;3677;3830;4820;4925;4836;4995;5325;5244;5513;5939;6447;6866;6912;6986;6746;6933;7195;7314;7907
Dominican Republic;699;748;848;861;969;1141;1223;1310;1387;1626;777;924;861;779;949;985;1327;1510;1705;1872;2073;2258;2400;2552;2576;2802;2862;3008;2373;2421;3681;3836;4647;5011;4953;5451;5759;5969;6027;6269;6468;6722
Early-demographic dividend;453;483;528;570;677;813;886;824;810;779;778;771;758;797;796;896;929;998;1073;1101;1102;1180;1236;1193;1242;1324;1285;1227;1350;1544;1771;1997;2336;2593;2459;2926;3239;3328;3342;3414;3260;3281
East Asia & Pacific;647;700;821;1020;1091;1163;1265;1219;1272;1344;1404;1802;2073;2455;2528;2606;2893;3118;3457;3812;4279;4076;3857;3418;3780;4050;3734;3762;4104;4568;4838;5095;5660;6491;6643;7674;8839;9396;9440;9658;9539;9784
East Asia & Pacific (excluding high income);198;198;226;215;245;279;294;303;312;333;359;352;341;372;396;417;446;493;535;635;773;877;897;809;882;961;1013;1112;1248;1435;1648;1970;2473;3106;3346;4007;4863;5386;5903;6302;6509;6581
East Asia & Pacific (IDA & IBRD countries);201;200;228;218;248;282;297;306;315;337;363;356;345;376;400;422;451;498;541;641;781;886;906;818;891;972;1024;1124;1262;1450;1666;1992;2499;3140;3381;4050;4916;5444;5966;6369;6578;6650
Ecuador;1107;1266;1495;1575;1824;2242;2665;2375;1993;1917;1896;1651;1467;1340;1392;1491;1624;1690;1729;2028;2136;2159;2362;2300;1584;1451;1904;2184;2440;2709;3022;3351;3591;4275;4256;4657;5223;5702;6074;6397;6150;6019
Egypt, Arab Rep.;292;333;357;354;422;520;518;552;591;627;691;695;763;642;708;751;629;697;760;830;944;1042;1186;1259;1322;1428;1371;1210;1121;1046;1168;1375;1640;2011;2292;2602;2747;3181;3213;3328;3548;3478
El Salvador;454;549;679;708;769;780;738;719;732;754;772;756;783;818;843;914;997;1103;1267;1458;1693;1819;1944;2078;2140;2238;2339;2408;2520;2633;2835;3063;3305;3507;3366;3474;3737;3828;3896;3989;4127;4224
Equatorial Guinea;402;411;422;;;198;136;152;141;149;173;203;239;250;213;263;252;296;289;207;281;444;812;654;1053;1703;2284;2711;3577;6085;10851;12732;15762;22742;16530;17136;21452;21558;20247;19246;10717;8747
Eritrea;;;;;;;;;;;;;;;;;;153;151;172;187;223;217;231;209;208;215;202;233;287;277;298;317;326;431;482;583;;;;;
Estonia;;;;;;;;;;;;;;;;;;;;;3044;3353;3620;4052;4119;4070;4499;5308;7174;8850;10338;12595;16586;18095;14726;14639;17455;17422;19072;19950;17156;17737
Ethiopia;;;;;;;203;208;224;205;232;234;242;243;247;253;270;203;165;125;134;145;141;125;119;124;120;111;119;136;162;194;243;325;380;341;355;469;502;571;645;707
Euro area;5061;5258;5957;7266;8768;9779;8468;8176;7961;7623;7817;10944;13498;14795;15048;18849;19523;21439;19557;20596;23711;23938;21834;22388;22231;20190;20442;22133;27162;30984;31989;33802;38718;42235;38492;37618;40615;37599;39107;39820;34353;35025
Europe & Central Asia;2976;3071;3457;4191;5093;5730;5066;4853;4681;4473;4602;6243;7667;8483;8618;10488;10778;11513;10542;11000;12664;12911;12229;12515;12356;11626;11721;12799;15550;18071;19192;20710;24109;26353;23084;23537;26016;24971;25977;26193;22444;22238
Europe & Central Asia (excluding high income);;;;;;;;;;;;;;;2331;2461;2365;2169;2123;1840;1962;1988;2067;1944;1638;1813;1807;2069;2615;3444;4344;5312;6841;8436;6614;7823;9597;10083;10653;9888;7521;7168
Europe & Central Asia (IDA & IBRD countries);;;;;;;;;;;;;;;2256;2383;2343;2187;2149;1929;2114;2179;2249;2172;1882;2049;2086;2344;2886;3728;4666;5638;7227;8921;7041;8234;9966;10345;10919;10263;7944;7605
European Union;4237;4367;4925;6012;7314;8315;7330;7035;6803;6518;6720;9190;11339;12607;12830;15856;16422;17840;16211;17173;19878;20291;19118;19742;19672;18257;18419;20030;24293;27940;29109;30936;35598;38135;33977;33688;36413;34231;35584;36666;32200;32250
Faroe Islands;;;;;;;;;;;;;;;;;;;;;;;;23737;23983;22480;24300;26554;30993;34979;35847;40720;47024;49773;46522;47398;50789;48422;53613;57544;50582;
Fiji;1187;1182;1203;1361;1641;1893;1899;1787;1639;1682;1604;1796;1632;1535;1632;1835;1882;2057;2166;2384;2541;2714;2641;2070;2408;2076;2039;2259;2836;3333;3659;3750;4079;4178;3369;3652;4353;4547;4763;5046;4922;5233
Finland;6260;6745;7074;7634;9339;11232;10935;10945;10506;10842;11406;14962;18581;22057;23984;28381;25503;22337;17617;20306;26273;25778;24676;25989;26179;24253;24913;26834;32816;37636;38969;41121;48289;53401;47107;46202;50791;47416;49638;49915;42424;43433
Fragile and conflict affected situations;;;;;;;;;;;;;;;;;;;;;;;;;;636;570;541;599;674;797;919;1102;1389;1262;1466;1559;1645;1727;1772;1563;1480
France;6673;6846;7513;9248;11170;12713;11111;10506;10005;9432;9775;13557;16324;17697;17705;21795;21782;23937;22503;23626;27038;27015;24359;25101;24799;22466;22527;24275;29691;33875;34880;36545;41601;45413;41631;40703;43810;40838;42554;42955;36527;36857
French Polynesia;5285;5434;5712;7030;8249;8979;8192;7996;8066;8093;8603;12781;13751;14164;13572;16036;16174;17335;17733;16648;18506;18035;15944;16530;16300;14531;;;;;;;;;;;;;;;;
Gabon;3321;4534;4139;3439;4259;5869;5166;4718;4309;4407;4024;3990;3743;4254;4518;6251;5523;5566;4245;3959;4566;5111;4663;3828;3883;4116;3976;4103;4892;5686;6827;7142;8353;10094;7604;8754;10716;9774;9680;9692;7389;7179
Gambia, The;221;209;250;303;354;399;350;333;317;253;308;242;274;316;322;346;727;729;749;720;737;773;712;724;682;636;541;441;360;414;432;439;519;608;549;562;514;505;483;434;459;473
Georgia;;;;;;;;;;;;;;;;1615;1315;757;550;517;569;670;775;805;629;692;734;779;928;1207;1530;1873;2492;3175;2707;2964;3725;4143;4274;4430;3765;3866
Germany;6213;6610;7654;9446;11238;12092;10170;9876;9827;9278;9394;13411;16614;17863;17697;22220;23269;26334;25489;27088;31730;30564;27046;27341;26796;23719;23687;25205;30360;34166;34697;36448;41815;45699;41733;41786;46810;44065;46531;48043;41324;42161
Ghana;286;276;313;354;381;412;380;351;341;358;354;437;376;375;369;403;439;415;375;333;386;404;391;415;418;263;274;309;373;423;498;923;1091;1224;1087;1313;1575;1630;1814;1432;1361;1513
Greece;3153;3391;3886;4695;5706;5894;5380;5579;5020;4853;4814;5657;6565;7598;7847;9600;10188;11176;10402;11091;12959;13749;13428;13472;13245;12043;12538;14110;18478;21955;22552;24801;28827;31997;29711;26918;25916;22243;21875;21761;18071;17891
Greenland;4258;4845;5714;7236;8481;9483;8544;7814;7988;7199;7761;11271;14554;16398;16814;18327;18315;18769;16797;18124;21666;21422;19145;20497;20170;19004;19275;20653;24802;28498;29089;32035;36233;41023;41277;40533;44212;42399;43967;45317;39569;
Grenada;;;793;992;1154;1246;1277;1347;1373;1478;1679;1873;2164;2410;2760;2888;3118;3191;3152;3271;3413;3640;3878;4401;4752;5118;5110;5292;5773;5836;6755;6766;7324;7947;7395;7366;7410;7583;7956;8570;9333;9842
Guam;;;;;;;;;;;;;;;;;;;;;;;;;;;;21537;22573;24396;26496;26556;27541;29056;30026;30700;30862;32499;33278;34361;35211;35563
Guatemala;567;661;810;875;971;1082;1153;1139;1153;1177;1180;857;820;887;929;826;992;1075;1147;1276;1408;1472;1634;1742;1609;1656;1568;1702;1753;1873;2078;2257;2490;2794;2636;2826;3188;3300;3453;3688;3924;4147
Guinea;;;;;;;;;;;;368;379;429;421;441;473;486;458;448;469;476;454;422;400;340;316;323;370;386;303;427;622;675;636;636;615;655;726;745;725;662
Guinea-Bissau;140;143;146;156;150;138;190;199;192;158;160;141;184;170;216;241;248;213;218;212;223;233;228;172;184;298;309;321;361;393;425;419;481;584;544;547;689;604;622;611;585;642
Guyana;663;603;590;658;683;773;730;617;628;565;589;660;468;551;509;534;452;492;587;713;817;926;985;947;920;946;926;961;987;1046;1098;1946;2327;2576;2764;3045;3439;3800;3941;4032;4160;4529
Haiti;;;;;;;;;;;;;;;;;480;306;249;282;360;365;412;451;494;462;414;393;330;388;465;505;616;675;668;662;741;767;810;830;815;740
Heavily indebted poor countries (HIPC);262;270;311;346;382;388;376;366;334;324;333;372;397;388;368;364;364;322;323;278;307;312;319;320;311;328;303;320;354;397;445;518;601;706;691;742;806;844;894;923;884;875
High income;5241;5664;6361;7555;8663;9597;9666;9501;9740;10090;10537;12700;14608;16340;16989;18955;19882;21257;21285;22650;24938;24987;24413;24337;25405;25769;25349;26246;29233;32316;33936;35548;38547;40604;37777;39327;42233;42013;42217;42859;40240;40826
Honduras;356;415;498;558;631;698;743;742;763;799;850;864;914;849;740;615;602;652;645;618;685;687;773;840;845;1089;1130;1133;1157;1218;1312;1438;1593;1752;1815;1933;2121;2178;2136;2243;2326;2361
Hong Kong SAR, China;2252;2850;3429;3924;4569;5700;5991;6134;5595;6208;6543;7435;9071;10610;12098;13486;15466;17976;20396;22503;23497;24818;27330;25809;25092;25757;25230;24666;23977;24928;26650;28224;30594;31516;30697;32550;35142;36731;38404;40315;42435;43741
Hungary;;;;;;;;;;;;;;;;;3350;3735;3873;4173;4494;4525;4596;4750;4803;4633;5283;6666;8423;10296;11206;11448;13908;15740;13030;13092;14118;12888;13668;14201;12484;12820
IBRD only;433;464;517;547;643;741;789;768;744;744;770;791;796;850;894;994;1054;1034;1094;1181;1308;1408;1470;1409;1352;1452;1454;1461;1632;1923;2274;2669;3287;3908;3757;4509;5279;5544;5807;5943;5554;5529
Iceland;6507;7645;10039;11328;12744;14943;15261;13824;11767;12057;12462;16540;22636;24652;22617;25592;27022;27346;23772;24215;26851;27897;28017;30901;32199;31813;28586;31996;39044;46917;56250;56104;68348;55575;40462;41852;46182;44563;48024;52855;51214;60530
IDA & IBRD total;407;433;479;510;596;686;725;703;672;668;689;706;712;756;790;872;919;898;940;1004;1111;1195;1242;1189;1143;1225;1221;1227;1368;1604;1887;2211;2704;3206;3074;3692;4297;4504;4712;4822;4501;4459
IDA blend;332;392;399;419;500;624;623;570;460;419;407;384;412;429;426;440;441;434;391;381;438;476;470;439;447;487;459;488;545;644;741;916;1024;1193;1085;1561;1747;1878;1994;2115;1933;1772
IDA only;;;;;;349;347;336;313;304;317;332;342;339;329;336;333;304;299;269;299;319;327;327;324;346;331;343;377;416;463;525;610;723;726;806;884;912;973;1026;1011;1022
IDA total;288;292;310;341;388;444;443;417;363;343;347;348;365;368;361;371;369;348;330;307;346;372;375;364;365;393;374;391;432;491;555;655;747;878;843;1059;1174;1237;1318;1394;1321;1272
India;156;159;184;204;222;264;268;271;288;274;293;307;337;351;343;364;300;314;298;343;370;396;411;409;438;439;447;466;541;621;707;792;1018;991;1090;1346;1462;1447;1452;1573;1596;1710
Indonesia;248;296;355;389;380;523;603;621;546;559;550;506;471;513;564;623;673;726;881;971;1093;1211;1133;494;715;831;796;958;1133;1223;1343;1689;1975;2300;2400;3113;3634;3688;3621;3492;3336;3570
Iran, Islamic Rep.;1582;2017;2315;2168;2426;2440;2499;3007;3583;3569;3806;4245;2618;2319;2200;2220;;;1081;1203;1592;1955;1817;1726;1750;1657;1891;1892;2231;2730;3216;3739;4857;5574;5619;6532;7729;7833;6036;5541;4862;5219
Iraq;1152;1471;1592;1848;2852;3912;2736;2950;2738;3078;3100;2957;3475;3754;3852;10297;;;;;;;;;;;;;;1392;1850;2352;3129;4521;3735;4503;5855;6651;6925;6703;4974;4610
Ireland;2977;2923;3431;4405;5436;6380;5993;6168;5922;5699;6019;8122;9593;10729;11189;14048;14104;15733;14675;15922;19181;20861;22543;24263;26284;26242;28227;32540;41107;47631;50879;54307;61360;61258;52104;48672;52224;49177;52060;55899;62545;64175
Isle of Man;;;;;;;;;;;;;;;;;;;;;13054;14526;16663;19366;21785;21552;22060;25688;30366;36608;39034;43482;73153;74203;69172;73936;76056;79028;82357;89942;81672;
Israel;4444;4296;4806;4563;5680;6229;6463;6903;7571;7009;6495;7928;9372;11274;11041;12658;13645;14752;14437;15986;18096;19318;19658;19424;19133;21043;20299;18428;18964;19892;20557;21828;24889;29532;27709;30643;33690;32526;36291;37540;35691;37181
Italy;4093;4020;4588;5592;6967;8429;7598;7532;7807;7714;7964;11278;14188;15693;16333;20757;21884;23167;18677;19274;20596;23020;21780;22252;21937;20051;20401;22197;27387;31175;31959;33411;37699;40640;36977;35849;38335;34814;35370;35397;30180;30669
Jamaica;1411;1443;1562;1256;1137;1239;1356;1473;1592;1028;898;1166;1382;1599;1830;1894;1666;1432;1953;1953;2278;2539;2880;3339;3338;3361;3395;3596;3465;3720;4082;4313;4621;4903;4293;4683;5103;5210;5006;4856;4940;4879
Japan;4635;5171;6303;8776;9058;9417;10332;9539;10333;10913;11600;17080;20594;24880;24792;25417;28874;31376;35866;39269;43440;38437;35022;31903;36027;38532;33846;32289;34808;37689;37218;35434;35275;39339;40855;44508;48168;48603;40454;38109;34568;38972
Jordan;661;806;963;1165;1423;1647;1782;1829;1845;1786;1724;2126;2160;1930;1243;1168;1157;1338;1338;1419;1471;1469;1500;1606;1625;1658;1728;1812;1889;2061;2203;2537;2763;3386;3492;3679;3807;3871;3993;4067;4096;4088
Kazakhstan;;;;;;;;;;;;;;;;1647;1512;1515;1433;1320;1288;1350;1446;1469;1130;1229;1491;1658;2068;2874;3771;5292;6771;8514;7165;9071;11634;12387;13891;12807;10510;7715
Kenya;242;248;309;352;398;447;406;366;328;327;312;355;377;382;366;366;337;329;223;269;331;428;453;473;421;404;402;396;437;459;520;697;839;917;920;967;987;1155;1229;1335;1350;1455
Kiribati;998;734;682;784;728;652;688;666;613;657;502;490;500;622;580;550;645;638;620;715;725;843;842;801;832;797;735;827;1015;1131;1215;1152;1358;1413;1297;1493;1693;1764;1724;1619;1505;1587
Korea, Rep.;615;831;1051;1398;1774;1704;1870;1978;2180;2391;2457;2803;3511;4686;5737;6516;7523;8002;8741;10206;12333;13138;12132;8085;10409;11948;11253;12783;14209;15908;18640;20888;23061;20431;18292;22087;24080;24359;25890;27811;27105;27539
Kosovo;;;;;;;;;;;;;;;;;;;;;;;;;;1088;1490;1588;1970;2135;2191;2372;2788;3255;3210;3283;3713;3586;3877;4055;3574;3661
Kuwait;11732;12056;12217;12627;19040;20869;17364;14278;13203;13104;12330;9751;11512;10149;11594;8777;5408;;;;16882;19301;17696;14127;15391;18389;16541;17789;22072;26921;35490;42718;45794;55572;37567;38498;48269;51264;48400;42996;29109;27359
Kyrgyz Republic;;;;;;;;;;;;;;;;609;576;513;449;372;364;395;376;345;258;280;308;322;381;433;477;543;722;966;871;880;1124;1178;1282;1280;1121;1078
Lao PDR;;;;;;;;;;490;642;468;278;149;173;203;235;250;287;326;363;378;345;249;277;325;327;320;363;418;475;590;710;899;948;1141;1381;1589;1839;2018;2159;2339
Late-demographic dividend;455;488;559;574;676;755;790;796;725;753;793;831;863;936;1045;1095;1189;1098;1125;1275;1549;1682;1743;1664;1524;1661;1705;1793;2032;2427;2911;3492;4371;5401;5189;6191;7504;7979;8551;8805;8202;8152
Latin America & Caribbean;1217;1321;1421;1576;1837;2131;2401;2197;1908;1842;1859;1854;1912;2144;2303;2630;3177;2944;3332;3761;3943;4172;4494;4457;3964;4310;4142;3663;3723;4246;5075;5877;6846;7860;7300;8943;10048;10027;10158;10233;8674;8342
Latin America & Caribbean (excluding high income);1208;1307;1395;1546;1789;2059;2321;2135;1858;1787;1810;1802;1847;2076;2230;2557;3114;2844;3238;3660;3808;4032;4342;4297;3791;4142;3971;3484;3530;4019;4823;5592;6556;7581;7024;8642;9720;9665;9777;9891;8304;7954
Latin America & the Caribbean (IDA & IBRD countries);1191;1295;1395;1542;1802;2100;2375;2161;1858;1780;1798;1787;1840;2070;2232;2560;3132;2892;3288;3711;3889;4131;4453;4402;3882;4226;4038;3538;3590;4114;4950;5750;6729;7761;7182;8862;9984;9949;10076;10148;8535;8196
Latvia;;;;;;;;;;;;;;;;;;;;;2329;2430;2682;2977;3151;3353;3573;4132;5135;6351;7559;9668;14044;16349;12219;11326;13703;13823;15032;15716;13640;14071
Least developed countries: UN classification;;;;;;;;;;;271;287;305;304;307;308;307;262;259;235;261;281;290;284;280;310;288;303;334;374;427;490;583;708;703;780;865;896;953;1007;971;964
Lebanon;;;;;;;;;;;;;;1242;1015;1050;1617;1965;2598;3227;3863;4458;5093;5539;5509;5335;5253;5437;5426;5424;5339;5372;6014;7109;8481;8858;8734;8923;8721;8537;8452;8257
Lesotho;130;125;160;214;227;329;323;253;274;231;182;213;264;303;314;372;431;498;491;507;569;529;551;507;493;475;438;408;604;782;863;916;919;935;924;1169;1351;1282;1193;1218;1152;1040
Liberia;355;357;391;405;446;453;432;425;392;393;388;382;444;480;369;183;169;110;80;66;65;73;125;141;162;183;174;177;133;149;169;179;210;232;303;327;380;415;454;458;452;455
Libya;;;;;;;;;;;;;;;;6514;7041;7285;6447;5892;5162;5537;5999;5245;6821;7146;6270;3705;4677;5806;8171;9345;11309;14396;10297;12121;5603;;;;;
Liechtenstein;10515;11389;12418;17503;19774;20672;19511;19690;19579;18608;19411;28316;37869;41351;39427;49447;50988;55300;55921;64157;78762;79937;72191;76641;81116;74625;74005;79036;89470;99849;104994;113983;130267;142974;125945;141165;158283;149296;173528;179308;168146;
Lithuania;;;;;;;;;;;;;;;;;;;;;2169;2328;2831;3167;3114;3297;3530;4147;5506;6707;7863;9241;12298;14962;11837;11985;14358;14341;15694;16545;14289;14913
Low & middle income;404;429;473;503;587;671;708;690;663;660;681;698;703;746;778;858;898;873;915;975;1073;1151;1198;1142;1099;1182;1176;1184;1321;1547;1818;2132;2610;3094;2983;3588;4182;4394;4598;4710;4405;4366
Low income;;;;;;;300;306;279;250;253;280;285;299;288;298;296;254;246;202;226;246;247;243;237;266;234;246;263;291;327;356;414;486;496;522;571;598;634;664;630;616
Lower middle income;243;258;288;315;351;426;439;433;412;401;412;419;450;459;457;478;450;460;458;488;537;579;586;518;553;574;569;602;679;763;866;1014;1228;1361;1373;1692;1885;1947;2001;2075;2025;2078
Luxembourg;9008;9825;10856;13494;15740;17114;14325;13035;12810;12554;12922;18790;23235;26108;27556;34645;37007;40966;41479;45482;52831;52572;47042;47584;51654;48736;48179;52931;65446;75716;80290;89740;106018;114294;103199;104965;115762;106749;113625;119225;101447;100739
Macao SAR, China;;;;;;;;4500;4297;4751;4756;5132;6297;7072;8060;9365;10558;13461;15190;16578;18139;18097;17958;16451;15505;15703;15548;16313;17810;22453;25059;29980;36403;40668;40881;52375;66813;76496;89525;94004;75484;74017
Macedonia, FYR;;;;;;;;;;;;;;;;2240;2355;1165;1285;1706;2243;2223;1868;1775;1815;1854;1816;1961;2409;2763;3038;3326;4036;4793;4544;4543;5064;4699;5211;5469;4834;5237
Madagascar;302;281;295;324;409;464;401;382;369;301;284;315;241;223;222;266;222;246;266;228;234;287;247;252;243;246;279;262;317;245;275;292;378;471;416;413;455;444;462;452;402;402
Malawi;116;123;143;163;177;201;196;182;184;175;157;155;146;160;175;199;229;185;212;121;141;226;257;164;161;153;147;291;260;274;280;298;320;373;421;459;512;375;333;355;363;300
Malaysia;765;886;1027;1247;1576;1775;1769;1852;2048;2234;2000;1729;1947;2071;2215;2441;2652;3112;3431;3726;4328;4797;4637;3264;3493;4045;3915;4167;4464;4955;5594;6223;7269;8514;7327;9071;10405;10780;10882;11184;9649;9508
Maldives;;;;;;268;273;282;328;599;671;723;695;803;875;964;1064;1206;1329;1433;1570;1737;1923;2006;2147;2227;3032;3048;3481;3952;3649;4812;5560;6583;6616;7100;7396;7473;8291;9057;9576;9875
Mali;128;142;156;179;229;248;213;181;172;160;178;233;259;265;263;317;315;319;310;223;282;282;267;281;323;269;307;334;392;439;488;522;596;690;697;708;835;777;804;848;750;780
Malta;1560;1727;2038;2559;3196;3948;3898;3788;3527;3333;3322;4195;5084;5814;6041;7192;7558;8220;7296;8001;9114;9398;9680;10184;10649;11039;11022;11844;13690;15109;15835;16672;19376;21929;20676;21088;22833;21942;23964;26249;23816;25145
Marshall Islands;;;;;;;973;1048;1197;1235;1145;1393;1494;1604;1589;1659;1702;1844;1987;2137;2357;2157;2056;2093;2073;2127;2207;2391;2435;2522;2650;2764;2892;2926;2917;3147;3298;3517;3614;3462;3391;3665
Mauritania;358;383;384;376;432;462;474;462;471;422;386;441;486;498;497;502;692;684;568;582;608;602;567;539;535;477;464;461;529;603;698;944;1013;1168;1047;1203;1393;1364;1451;1327;1158;1102
Mauritius;;780;898;1092;1280;1176;1170;1091;1093;1032;1059;1429;1823;2055;2084;2506;2669;2973;2974;3197;3600;3899;3647;3593;3651;3861;3792;3958;4623;5230;5116;5696;6575;8030;7318;8000;9197;9291;9637;10154;9260;9631
Mexico;1446;1422;1272;1552;1987;2802;3523;2393;2006;2318;2385;1640;1742;2231;2664;3078;3611;4093;5562;5710;3656;4153;4940;5080;5777;6721;7031;7106;6752;7199;7987;8768;9330;9689;7748;8960;9834;9821;10299;10453;9153;8209
Micronesia, Fed. Sts.;;;;;;;;;1320;;;1276;1296;1355;1437;1528;1682;1756;1909;1909;2065;2020;1907;2029;2047;2171;2240;2258;2296;2253;2356;2397;2442;2516;2693;2862;3001;3151;3048;3057;3018;3144
Middle East & North Africa;975;1178;1327;1367;1732;2165;2166;2087;2051;2011;1975;1958;1762;1700;1701;2152;2109;2260;2224;2269;2470;2739;2785;2654;2787;3049;3003;2936;3246;3716;4385;5027;5833;7118;6229;7127;8277;8720;8534;8464;7337;7201
Middle East & North Africa (excluding high income);;;;;;;;;;;;;;;;;;;1193;1198;1337;1519;1530;1523;1580;1608;1634;1559;1728;1968;2278;2600;3156;3819;3630;4123;4589;4829;4488;4408;3924;3890
Middle East & North Africa (IDA & IBRD countries);;;;;;;;;;;;;;;;;;;1192;1197;1337;1521;1531;1523;1581;1609;1637;1563;1733;1975;2287;2613;3174;3841;3649;4143;4611;4853;4506;4425;3937;3901
Middle income;418;445;491;522;610;700;741;721;694;693;716;733;738;783;819;905;949;925;972;1041;1146;1231;1282;1223;1178;1267;1264;1273;1423;1670;1967;2312;2835;3365;3246;3917;4576;4814;5044;5172;4843;4807
Moldova;;;;;;;;;;;;;;;;;;;;;477;462;528;449;321;354;408;459;548;721;831;951;1230;1696;1526;1632;1971;2047;2244;2245;1832;1900
Monaco;28254;28811;31433;38354;45838;51529;44366;41385;38888;36382;37553;52175;63043;68434;68577;84287;83733;91654;85422;89404;101993;101329;90883;93093;91384;82535;82553;89061;108978;123382;126656;135535;170157;192989;152112;144246;162010;;;;;
Mongolia;;;;;;;1333;1436;1495;1122;1138;1465;1486;1533;1671;1172;1073;587;340;406;632;581;506;477;445;474;524;572;646;798;999;1335;1634;2140;1718;2650;3770;4368;4385;4182;3947;3694
Montenegro;;;;;;;;;;;;;;;;;;;;;;;;;;1627;1910;2106;2789;3380;3675;4384;5957;7368;6727;6682;7319;6587;7186;7378;6514;7029
Morocco;503;524;590;689;809;1077;860;835;749;667;660;838;919;1064;1068;1203;1263;1295;1196;1323;1428;1557;1393;1469;1445;1332;1337;1414;1722;1949;2014;2191;2494;2885;2862;2834;3040;2905;3112;3160;2864;2893
Mozambique;;;;;;298;292;291;256;263;343;403;181;161;177;190;240;163;164;162;160;217;253;284;302;278;256;263;284;336;369;386;422;503;464;419;527;566;606;623;528;382
Myanmar;;;;;;;;;;;;;;;;;;;;;;;;;;193;139;144;220;220;247;297;410;644;741;988;1186;1176;1171;1260;1139;1196
Namibia;;;;;;2404;2184;2015;2135;1764;1407;1522;1854;1924;1873;1982;2055;2278;2063;2263;2382;2312;2332;2113;2055;2058;1834;1713;2482;3288;3573;3881;4203;4029;4153;5192;5601;5749;5490;5393;4771;4415
Nauru;;;;;;;;;;;;;;;;;;;;;;;;;;;;;;;;;2028;3915;4417;4913;7234;10099;10036;9873;8053;7821
Nepal;118;107;99;113;127;131;149;153;153;158;157;167;169;195;193;193;204;172;180;195;206;206;220;212;216;231;249;246;254;287;317;349;394;474;481;592;692;682;689;706;747;729
Netherlands;7242;7825;9050;11037;12635;13616;11373;10931;10544;9850;9799;13608;16496;17518;17176;21019;21455;23599;22827;24332;28885;28699;26405;27534;27952;25921;26584;28817;35245;39955;41577;44454;51241;56929;51900;50338;53541;49475;51574;52157;44746;45638
New Caledonia;6163;5958;6159;6153;7561;8443;6818;6209;5540;5249;5535;7634;9272;12666;13092;14800;15133;16261;16641;16037;18721;18257;16342;15388;14612;12580;;;;;;;;;;;;;;;;
New Zealand;4172;4374;4951;5937;6668;7467;7814;7656;7598;6714;7601;9428;12331;13759;13312;13663;12230;11793;13094;15280;17400;18794;17474;14738;15322;13641;13883;16874;21914;25420;27751;26671;32510;31288;28201;33691;38427;39970;42890;44504;38202;39412
Nicaragua;;;;;;;;;;;;;;;252;244;351;414;397;855;898;917;917;952;981;1016;1044;1010;1016;1092;1175;1241;1344;1519;1464;1526;1683;1792;1847;1975;2096;2151
Niger;202;200;235;314;363;419;352;318;276;217;208;268;305;302;281;310;281;274;182;171;198;202;181;197;184;158;165;178;216;233;250;258;293;355;341;348;376;392;416;430;363;364
Nigeria;438;557;536;527;662;874;809;663;446;350;345;241;273;257;261;323;280;292;154;172;264;316;316;275;301;379;352;459;513;649;808;1020;1137;1384;1098;2327;2528;2755;2997;3222;2655;2176
North America;7788;8628;9415;10442;11531;12455;13827;14243;15347;16809;17856;18652;19721;21224;22695;23696;24131;25021;25822;26989;27969;29190;30605;31761;33398;35242;35942;36795;38550;40948;43514;45849;47724;48232;46394;48290;50025;51561;52756;54304;55175;56102
Northern Mariana Islands;;;;;;;;;;;;;;;;;;;;;;;;;;;;18673;18377;18427;16645;16049;15761;16350;14280;14681;13628;13980;14509;15514;17021;22572
Norway;8204;8927;10266;11463;13047;15772;15513;15225;14928;14989;15754;18883;22506;24207;24281;28243;28597;30524;27964;29316;34875;37321;36629;34789;36371;38147;38550;43061;50112;57570;66775;74115;85171;97008;80067;87770;100711;101668;103059;97200;74498;70868
OECD members;4938;5303;5925;7049;8069;8874;8956;8748;8968;9310;9749;11727;13472;15084;15676;17515;18362;19564;19685;20851;22792;22818;22301;22370;23342;23671;23283;24126;26841;29667;31140;32592;35360;37139;34500;35904;38377;38061;38273;38812;36427;36881
Oman;2377;2761;2803;2653;3419;5182;5947;5856;5828;6164;6677;4691;4822;4997;5383;6448;5989;6279;6029;6013;6262;6831;7040;6255;6967;8601;8477;8629;9070;10129;12377;14408;15805;22075;16784;19281;20986;22135;21269;20458;16627;14982
Other small states;1091;1329;1468;1588;2019;2742;2694;2488;2293;2253;2086;2056;2377;2603;2659;3109;3133;3354;3136;3228;3637;3775;3867;3724;3934;4374;4270;4520;5495;6670;7915;9080;10825;12889;10785;12215;14716;15017;15313;15464;12596;12080
Pacific island small states;874;859;878;998;1197;1341;1351;1289;1206;1295;1203;1286;1247;1291;1331;1414;1481;1596;1653;1873;1992;2108;2077;1763;1898;1755;1699;1767;2051;2344;2543;2641;2859;3041;2645;2893;3384;3571;3642;3765;3644;3776
Pakistan;170;194;213;243;261;303;348;368;332;349;338;335;339;379;384;372;410;428;441;433;494;503;484;470;465;534;511;500;564;650;711;874;950;1039;1007;1040;1226;1261;1272;1317;1429;1444
Palau;;;;;;;;;;;;;;;;5096;5419;5188;4645;4970;5520;6116;6247;6333;6011;7710;8151;8257;8018;8754;9611;9649;9682;9725;9187;8956;9712;10362;10899;11683;13982;14428
Panama;1395;1445;1490;1722;1918;2332;2578;2782;2792;2849;2948;2997;2945;2492;2446;2604;2804;3122;3340;3489;3494;3530;3741;3975;4083;4060;4046;4126;4267;4592;4917;5349;6068;6974;7430;7937;9271;10590;11686;12594;13134;13680
Papua New Guinea;471;511;540;623;714;770;735;678;713;691;639;680;786;892;843;747;856;965;1070;1153;947;1026;958;716;640;632;539;512;588;637;771;1284;1440;1720;1672;2005;2474;2866;2800;2966;2659;2500
Paraguay;484;538;651;780;1013;1287;1595;1505;1511;1140;808;911;972;1022;1121;1352;1615;1615;1596;1692;1903;2010;2001;1773;1615;1546;1417;1148;1175;1409;1507;1810;2312;3060;2600;3226;3988;3856;4480;4713;4109;4078
Peru;1108;1020;910;758;943;1045;1217;1196;930;921;847;762;1012;738;1053;1210;1556;1589;1516;1900;2218;2261;2342;2202;1963;1997;1981;2059;2180;2448;2755;3171;3611;4209;4166;5022;5772;6388;6583;6491;6030;6049
Philippines;361;403;450;506;596;685;732;742;645;594;566;535;579;644;705;715;715;814;816;939;1061;1160;1127;967;1087;1039;957;1000;1011;1079;1195;1392;1673;1919;1825;2129;2353;2582;2760;2843;2878;2951
Poland;;;;;;;;;;;;;;;;1731;2236;2459;2497;2875;3683;4141;4117;4510;4390;4493;4981;5197;5694;6681;8021;9041;11260;14001;11542;12598;13891;13144;13780;14340;12564;12414
Portugal;2128;2173;2268;2458;2756;3369;3246;3080;2736;2523;2705;3862;4804;5624;6057;7885;8960;10812;9536;9978;11783;12185;11578;12203;12475;11502;11729;12882;15773;18046;18785;19821;22780;24816;23064;22539;23196;20577;21619;22078;19253;19872
Post-demographic dividend;5169;5571;6254;7463;8520;9372;9417;9316;9611;9995;10488;12736;14671;16430;17074;19049;19953;21263;21293;22657;24983;24983;24385;24370;25458;25766;25399;26360;29425;32525;34062;35635;38644;40582;38011;39449;42228;41981;42157;42812;40326;41022
Pre-demographic dividend;180;205;221;238;293;348;304;286;238;229;231;232;258;258;256;401;388;344;308;273;323;350;356;343;338;383;353;405;455;537;645;784;934;1158;1020;1366;1533;1636;1741;1806;1524;1378
Puerto Rico;2738;2946;3209;3568;4025;4503;4921;5115;5218;5730;6008;6455;6980;7595;8033;8653;9064;9659;10212;10876;11579;12173;12818;14304;15221;16192;18123;18731;19557;20989;21959;22936;23665;24898;25769;26436;27279;27945;28513;28981;29697;30790
Qatar;15283;18893;19829;21094;27436;34986;34904;27386;20898;19635;16582;12698;12896;13606;14047;15449;14120;15431;14268;14543;15849;17345;21133;18632;21763;29986;28431;29991;34177;41818;51488;60257;67006;82967;61478;70306;85948;88565;88305;86853;66347;59324
Romania;;;;;;;;;;;;;1674;1770;1818;1681;1261;1102;1158;1323;1660;1644;1589;1865;1610;1668;1840;2125;2775;3553;4676;5829;8214;10136;8220;8297;9200;8558;9585;10020;8978;9523
Russian Federation;;;;;;;;;;;;;;;3429;3485;3485;3096;2929;2663;2666;2644;2738;1835;1331;1772;2100;2375;2975;4102;5323;6920;9101;11635;8563;10675;14351;15435;16007;14126;9329;8748
Rwanda;131;142;161;189;223;244;265;256;261;270;280;303;320;341;333;352;271;303;313;125;218;226;284;282;239;216;201;197;213;237;287;342;405;501;539;563;617;678;689;707;710;703
Samoa;;;;;;;;770;706;686;597;629;694;824;759;772;765;799;796;1310;1322;1459;1658;1558;1490;1541;1555;1631;1907;2351;2571;2808;3023;3510;3035;3453;3942;4235;4219;4179;4149;4030
San Marino;;;;;;;;;;;;;;;;;;;;;;;;;44863;40189;41806;44576;56168;65036;66987;70662;83009;90683;76918;68758;65214;56404;57746;56514;47611;47909
Sao Tome and Principe;;;;;;;;;;;;;;;;;;;;;;;;;;;510;556;649;693;811;844;894;1126;1100;1130;1304;1381;1620;1824;1615;1715
Saudi Arabia;6296;8186;9013;9247;12186;16892;17777;13870;10980;9582;7878;6270;5900;5823;6051;7205;7839;7888;7445;7382;7651;8293;8509;7382;7969;9127;8643;8655;9567;11139;13740;15335;16472;20038;16094;19260;23771;25303;24934;24575;20653;20029
Senegal;453;448;447;487;592;626;552;525;455;430;457;627;731;701;670;757;721;748;686;455;558;564;508;534;533;473;481;513;643;733;774;810;950;1101;1021;1003;1082;1038;1052;1052;911;953
Serbia;;;;;;;;;;;;;;;;;;;;;2197;2750;3179;2416;2441;870;1635;2150;2832;3331;3528;4130;5458;6702;5821;5412;6423;5659;6354;6200;5237;5426
Seychelles;806;814;1044;1377;2030;2329;2419;2296;2280;2338;2589;3166;3639;4128;4407;5303;5315;6128;6559;6556;6749;6583;7281;7716;7748;7579;7663;8331;8525;10177;11093;12014;12155;11123;9707;10805;12189;12845;15687;15571;15390;15076
Sierra Leone;227;194;221;299;338;327;324;367;276;294;226;125;174;254;220;151;180;157;178;213;204;220;197;154;151;139;228;250;264;263;288;322;359;406;395;405;445;562;711;708;588;505
Singapore;2490;2759;2846;3193;3900;4927;5595;6076;6630;7223;6995;6794;7531;8902;10380;11864;14505;16144;18302;21578;24937;26263;26386;21824;21796;23793;21577;22017;23574;27405;29870;33580;39224;39721;38578;46570;53167;54431;56029;56336;53630;52962
Slovak Republic;;;;;;;;;;;;;;;;2396;2680;2909;3089;3756;4799;5178;5138;5534;5637;5403;5708;6525;8697;10655;11669;13139;16058;18650;16513;16601;18187;17275;18192;18630;16133;16530
Slovenia;;;;;;;;;;;;;;;;;;;;;10691;10801;10448;11165;11442;10228;10479;11814;14880;17261;18169;19726;23841;27502;24634;23437;24985;22532;23358;24202;20873;21650
Small states;1236;1388;1550;1636;1995;2594;2624;2556;2415;2339;2199;2105;2359;2551;2598;2962;2968;3108;2992;3105;3459;3627;3781;3742;3954;4325;4269;4503;5296;6272;7352;8377;9842;11610;9727;10946;12984;13347;13595;13723;11508;11054
Solomon Islands;386;414;448;516;679;732;785;765;708;962;858;756;832;1053;1096;970;999;1148;1211;1331;1446;1530;1495;1206;1201;1055;945;785;745;818;881;949;1047;1206;1158;1272;1643;1859;1881;2010;1922;2005
Somalia;;;;;;;;;;;;;;;;;;;;;;;;;;;;;;;;;;;;;;;408;418;426;434
South Africa;1454;1360;1473;1652;1987;2788;2936;2640;2763;2668;2052;2381;3049;3290;3508;3076;3225;3418;3333;3390;3694;3441;3495;3105;3032;2982;2622;2461;3678;4745;5278;5506;5994;5695;5831;7275;7976;7478;6822;6438;5744;5275
South Asia;168;160;181;201;220;259;268;271;280;272;289;299;325;341;337;355;309;321;311;346;376;404;415;413;434;443;447;461;529;603;680;765;954;957;1036;1252;1374;1371;1387;1497;1538;1638
South Asia (IDA & IBRD);168;160;181;201;220;259;268;271;280;272;289;299;325;341;337;355;309;321;311;346;376;404;415;413;434;443;447;461;529;603;680;765;954;957;1036;1252;1374;1371;1387;1497;1538;1638
South Sudan;;;;;;;;;;;;;;;;;;;;;;;;;;;;;;;;;;1679;1265;1562;1706;958;1186;1152;759;
Spain;3201;3270;3618;4345;5755;6192;5357;5146;4466;4478;4687;6496;8217;9677;10653;13767;14772;16068;13304;13379;15430;16069;14696;15340;15678;14677;15324;17020;21496;24919;26511;28483;32709;35579;32334;30737;31835;28564;29212;29623;25790;26616
Sri Lanka;276;256;288;188;228;268;289;308;329;379;370;390;401;413;408;464;513;547;577;647;714;756;817;851;839;869;833;868;983;1067;1250;1438;1633;2041;2095;2808;3214;3351;3610;3821;3845;3835
St. Kitts and Nevis;754;682;1017;1123;1341;1567;1839;1973;2000;2267;2524;3004;3403;4038;4531;5112;5117;5547;5967;6551;6987;7349;8148;8236;8700;9268;10026;10358;9848;10476;11174;12929;13539;14681;14212;13704;14483;13966;14824;15776;16178;16597
St. Lucia;;;774;891;1066;1240;1405;1508;1607;1749;1909;2252;2442;2745;3056;3502;3666;3994;4004;4131;4355;4444;4481;4815;5000;4996;4694;4684;5118;5504;5810;6857;7636;7577;7385;8008;8271;8218;8482;8797;9306;9365
St. Vincent and the Grenadines;348;339;505;617;714;819;1007;1113;1187;1302;1394;1529;1658;1884;2005;2236;2364;2574;2649;2677;2923;3067;3220;3462;3622;3673;3982;4271;4447;4808;5064;5610;5978;6370;6178;6232;6184;6338;6597;6650;6900;7007
Sub-Saharan Africa;414;437;468;503;588;718;704;639;578;535;485;522;598;612;623;606;608;582;541;512;576;580;584;537;527;550;499;521;647;785;897;1022;1158;1288;1201;1556;1704;1739;1786;1820;1598;1467
Sub-Saharan Africa (excluding high income);414;437;468;503;588;718;704;639;578;535;484;522;598;611;622;606;607;581;540;512;575;579;584;536;526;549;498;520;646;784;896;1021;1156;1287;1200;1555;1703;1738;1784;1819;1597;1466
Sub-Saharan Africa (IDA & IBRD countries);414;437;468;503;588;718;704;639;578;535;485;522;598;612;623;606;608;582;541;512;576;580;584;537;527;550;499;521;647;785;897;1022;1158;1288;1201;1556;1704;1739;1786;1820;1598;1467
Sudan;344;415;501;427;486;388;504;449;387;441;547;676;841;626;606;479;428;258;317;445;468;297;374;350;324;361;378;412;478;565;680;894;1116;1292;1227;1476;1667;1893;1956;2177;2514;2415
Suriname;1282;1399;1775;2035;2162;2191;2447;2514;2419;2350;2351;2364;2554;2966;1358;953;1080;957;997;1385;1564;1912;2039;2047;1896;1889;1598;2233;2603;3006;3595;5208;5761;6858;7444;8303;8319;9272;9485;9564;8725;5871
Swaziland;558;511;553;600;704;898;920;841;844;727;512;612;762;865;837;1294;1305;1418;1469;1507;1768;1633;1710;1537;1480;1637;1438;1325;2021;2530;2874;2937;3047;2842;3033;3690;3934;3865;3587;3380;3048;2770
Sweden;9975;10715;11287;12443;14667;16857;15367;13545;12430;12914;13474;17727;21485;24189;25300;30162;31374;32339;24081;25747;29914;32587;29898;30144;30577;29283;26969;29572;36961;42442;43085;46256;53324;55747;46207;52076;59593;57134;60283;59180;50812;51845
Switzerland;;;;;;18832;17153;17479;17342;16499;16655;23751;29559;31744;30402;38428;38399;39535;38101;41844;48662;46677;40418;41497;40581;37868;38539;41376;48088;53340;54953;57580;63555;72488;69927;74606;88416;83538;85112;86606;82016;79888
Syrian Arab Republic;906;979;955;1113;1151;1463;1677;1700;1770;1700;1540;1208;1000;903;816;989;1013;1005;1010;726;794;935;956;974;991;1178;1258;1263;1253;1409;1577;1762;2058;;;;;;;;;
Tajikistan;;;;;;;;;;;;;;;;498;469;347;294;237;214;178;155;219;178;138;171;189;236;309;337;404;520;706;666;738;835;955;1040;1104;919;796
Tanzania;;;;;;;;;;;;;;219;184;172;194;174;156;160;180;217;250;296;300;307;304;308;323;345;442;472;528;651;659;702;733;820;902;950;872;878
Thailand;352;391;445;529;590;683;721;743;798;818;747;813;936;1123;1295;1508;1716;1927;2208;2490;2845;3043;2467;1845;2033;2008;1893;2096;2359;2660;2894;3369;3972;4379;4212;5075;5491;5860;6171;5942;5815;5911
Timor-Leste;;;;;;;;;;;;;;;;;;;;;;;;;;402;481;458;448;444;455;420;499;612;720;806;931;1028;1191;1196;1295;1405
Togo;256;251;309;320;337;418;342;282;253;229;234;315;360;385;367;430;413;426;303;236;306;333;331;339;327;260;261;281;310;350;372;377;421;513;500;488;562;564;579;620;551;578
Tonga;368;337;378;455;484;573;666;663;649;685;639;724;865;1127;1120;1193;1387;1435;1448;2022;2108;2279;2193;1943;2015;2063;1838;1842;2030;2284;2595;2893;2932;3393;3071;3548;4045;4501;4279;4196;4094;3749
Trinidad and Tobago;2415;2438;3019;3379;4305;5746;6342;7264;6818;6712;6299;4049;4014;3732;3562;4148;4316;4396;3752;3957;4246;4577;4551;4787;5384;6431;6936;7050;8805;10291;12323;14096;16530;21188;14509;16684;19054;19152;19608;19325;17322;16041
Tunisia;766;780;864;986;1158;1373;1288;1208;1205;1158;1149;1201;1261;1283;1255;1493;1553;1801;1663;1745;1978;2116;2211;2295;2389;2214;2255;2346;2762;3113;3195;3372;3778;4310;4130;4140;4257;4138;4199;4270;3828;3689
Turkey;1136;1276;1427;1550;2079;1564;1579;1402;1310;1247;1368;1511;1706;1745;2022;2794;2736;2842;3180;2270;2898;3054;3144;4497;4108;4317;3120;3660;4718;6041;7384;8035;9710;10851;9036;10672;11341;11720;12543;12127;10985;10863
Turkmenistan;;;;;;;;;;;;;684;862;839;866;847;821;793;622;590;555;563;590;549;643;774;968;1284;1454;1705;2137;2600;3904;4036;4439;5650;6675;7304;7962;6433;6389
Tuvalu;;;;;;;;;;;;;;;;980;1034;1070;1052;1185;1195;1333;1369;1371;1465;1459;1387;1604;1867;2177;2178;2259;2639;2929;2596;3022;3699;3718;3542;3416;2970;3084
Uganda;218;220;256;205;176;99;103;163;163;255;240;259;399;400;313;247;184;153;167;200;280;285;287;292;258;258;235;240;238;288;316;336;402;450;554;595;575;637;655;703;674;580
Ukraine;;;;;;;;;;;;;1249;1450;1598;1570;1490;1418;1258;1012;936;873;991;835;636;636;781;879;1049;1367;1829;2303;3069;3891;2545;2965;3570;3855;4030;3105;2125;2186
United Arab Emirates;26556;29698;33246;27897;32798;41826;44012;39194;34159;31709;29189;23056;23313;21908;23613;27256;26168;25994;25199;25467;26847;28616;29200;26663;28260;33071;31062;31311;33231;36161;39440;42372;42673;45759;33073;35049;40462;42112;43351;44450;39102;37622
United Kingdom;4300;4138;4681;5977;7805;10032;9599;9146;8692;8179;8652;10611;13119;15987;16239;19095;19901;20487;18389;19709;23013;24220;26621;28015;28384;27982;27428;29786;34174;39984;41733;44252;50134;46768;38262;38893;41412;41791;42724;46783;44306;40412
United States;7820;8611;9471;10587;11696;12598;13993;14439;15561;17134;18269;19115;20101;21483;22922;23954;24405;25493;26465;27777;28782;30068;31573;32949;34621;36450;37274;38166;39677;41922;44308;46437;48062;48401;47002;48374;49791;51450;52787;54707;56469;57638
Upper middle income;566;604;664;698;834;939;1005;975;946;956;992;1019;1001;1083;1159;1308;1424;1371;1469;1582;1746;1877;1978;1934;1813;1976;1983;1973;2207;2634;3147;3714;4588;5569;5323;6406;7609;8070;8525;8740;8112;7994
Uruguay;1250;1291;1440;1707;2480;3486;3764;3107;1716;1621;1571;1940;2416;2676;2732;2990;3578;4082;4720;5458;5984;6316;7328;7711;7247;6872;6281;4089;3622;4117;5221;5878;7010;9062;9415;11938;14166;15092;16881;16738;15525;15221
Uzbekistan;;;;;;;;;;;;;;;;651;653;603;597;576;586;601;623;623;702;558;457;383;396;465;547;654;830;1082;1213;1377;1565;1740;1908;2050;2138;2111
Vanuatu;;;;;1059;981;833;808;886;1067;951;892;961;1066;1011;1080;1253;1263;1177;1335;1390;1427;1462;1473;1478;1470;1363;1354;1581;1788;1886;2047;2393;2698;2643;2966;3275;3159;3167;3148;2806;2861
Venezuela, RB;2343;2634;2991;3196;3727;4368;4782;4730;4726;3288;3309;3272;2459;3089;2172;2368;2545;2810;2734;2602;3376;3014;3715;3875;4077;4784;4926;3656;3233;4271;5433;6736;8319;11227;11536;13545;10742;12755;12237;15692;;
Vietnam;;;;;;;;;;;231;422;574;389;94;95;138;139;182;220;276;323;347;347;361;388;403;428;478;544;684;780;901;1143;1211;1310;1515;1723;1871;2012;2065;2171
Virgin Islands (U.S.);4231;4575;4955;5347;6308;7305;8230;8320;9137;9795;9829;10270;11376;11932;13301;15051;15945;16752;18728;;;;;;;;;30126;31823;35024;40930;41561;44333;39207;38771;40043;39144;37850;34838;33592;34955;
West Bank and Gaza;;;;;;;;;;;;;;;;;;;;1202;1327;1317;1389;1465;1499;1476;1336;1156;1259;1338;1455;1441;1576;1881;1959;2344;2665;2787;2992;2961;2866;2943
World;1450;1550;1723;1993;2275;2517;2538;2471;2483;2533;2618;3046;3405;3747;3866;4273;4451;4654;4664;4933;5403;5443;5347;5257;5381;5483;5378;5515;6115;6802;7274;7780;8657;9379;8784;9513;10446;10549;10716;10877;10164;10192
Yemen, Rep.;;;;;;;;;;;;;;;;468;468;485;383;284;278;364;417;374;440;539;536;565;605;693;814;902;996;1204;1094;1309;1349;1421;1580;1647;1402;990
Zambia;527;534;467;511;584;650;635;634;493;407;328;232;307;489;512;409;410;376;378;411;417;383;445;356;332;342;378;377;429;530;691;1030;1105;1369;1139;1463;1645;1735;1851;1738;1314;1270
Zimbabwe;715;685;671;649;748;932;1078;1106;967;761;651;693;725;814;837;863;827;632;602;620;628;743;728;538;568;547;548;507;453;454;445;415;397;326;624;720;841;968;1026;1031;1033;1029
